-14.995000000000003,1.222322e-06,0.0
-14.995000000000003,1.23213e-06,0.0
-14.985000000000003,1.239774e-06,0.0
-14.975000000000001,1.23985e-06,0.0
-14.965000000000002,1.243539e-06,0.0
-14.955000000000002,1.245116e-06,0.0
-14.945000000000002,1.252398e-06,0.0
-14.935000000000002,1.263187e-06,0.0
-14.925000000000002,1.274865e-06,0.0
-14.915000000000003,1.305767e-06,0.0
-14.905000000000003,1.332476e-06,0.0
-14.895000000000001,1.351668e-06,0.0
-14.885000000000002,1.388023e-06,0.0
-14.875000000000002,1.410572e-06,0.0
-14.865000000000002,1.453542e-06,0.0
-14.855000000000002,1.461916e-06,0.0
-14.845000000000002,1.454889e-06,0.0
-14.835000000000003,1.463016e-06,0.0
-14.825000000000003,1.44211e-06,0.0
-14.815000000000001,1.427926e-06,0.0
-14.805000000000001,1.42549e-06,0.0
-14.795000000000002,1.436622e-06,0.0
-14.785000000000002,1.43931e-06,0.0
-14.775000000000002,1.459713e-06,0.0
-14.765000000000002,1.479965e-06,0.0
-14.755000000000003,1.48854e-06,0.0
-14.745000000000003,1.514537e-06,0.0
-14.735000000000001,1.56315e-06,0.0
-14.725000000000001,1.622119e-06,0.0
-14.715000000000002,1.722477e-06,0.0
-14.705000000000002,1.805944e-06,0.0
-14.695000000000002,1.885148e-06,0.0
-14.685000000000002,1.960333e-06,0.0
-14.675000000000002,1.996491e-06,0.0
-14.665000000000003,1.975334e-06,0.0
-14.655000000000003,1.885955e-06,0.0
-14.645000000000001,1.796447e-06,0.0
-14.635000000000002,1.736016e-06,0.0
-14.625000000000002,1.677399e-06,0.0
-14.615000000000002,1.639614e-06,0.0
-14.605000000000002,1.623553e-06,0.0
-14.592500000000003,1.636816e-06,0.0
-14.582500000000001,1.657729e-06,0.0
-14.572500000000002,1.679029e-06,0.0
-14.562500000000002,1.698049e-06,0.0
-14.552500000000002,1.717313e-06,0.0
-14.542500000000002,1.753952e-06,0.0
-14.535000000000002,1.809188e-06,0.0
-14.525000000000002,1.828812e-06,0.0
-14.515000000000002,1.838283e-06,0.0
-14.505000000000003,1.855915e-06,0.0
-14.495000000000003,1.869502e-06,0.0
-14.485000000000001,1.904879e-06,0.0
-14.475000000000001,1.879689e-06,0.0
-14.465000000000002,1.849436e-06,0.0
-14.455000000000002,1.755493e-06,0.0
-14.442500000000003,1.683993e-06,0.0
-14.435000000000002,1.639196e-06,0.0
-14.422500000000001,1.57797e-06,0.0
-14.415000000000003,1.55291e-06,0.0
-14.405000000000003,1.533304e-06,0.0
-14.395000000000001,1.52197e-06,0.0
-14.385000000000002,1.526722e-06,0.0
-14.375000000000002,1.522039e-06,0.0
-14.365000000000002,1.518596e-06,0.0
-14.355000000000002,1.51681e-06,0.0
-14.345000000000002,1.506813e-06,0.0
-14.335000000000003,1.498419e-06,0.0
-14.325000000000003,1.526435e-06,0.0
-14.315000000000001,1.547614e-06,0.0
-14.305000000000001,1.563922e-06,0.0
-14.295000000000002,1.564486e-06,0.0
-14.285000000000002,1.561006e-06,0.0
-14.275000000000002,1.560287e-06,0.0
-14.265000000000002,1.571615e-06,0.0
-14.255000000000003,1.576997e-06,0.0
-14.245000000000003,1.568276e-06,0.0
-14.235000000000001,1.57504e-06,0.0
-14.225000000000001,1.573919e-06,0.0
-14.215000000000002,1.573165e-06,0.0
-14.205000000000002,1.540657e-06,0.0
-14.195000000000002,1.506258e-06,0.0
-14.185000000000002,1.472546e-06,0.0
-14.175000000000002,1.44659e-06,0.0
-14.165000000000003,1.423986e-06,0.0
-14.155000000000001,1.416521e-06,0.0
-14.145000000000001,1.40343e-06,0.0
-14.135000000000002,1.406203e-06,0.0
-14.125000000000002,1.4048e-06,0.0
-14.115000000000002,1.399625e-06,0.0
-14.105000000000002,1.394214e-06,0.0
-14.095000000000002,1.376124e-06,0.0
-14.085000000000003,1.378804e-06,0.0
-14.075000000000003,1.385796e-06,0.0
-14.065000000000001,1.419961e-06,0.0
-14.055000000000001,1.427694e-06,0.0
-14.045000000000002,1.444153e-06,0.0
-14.035000000000002,1.441193e-06,0.0
-14.025000000000002,1.454375e-06,0.0
-14.015000000000002,1.458808e-06,0.0
-14.005000000000003,1.461274e-06,0.0
-13.995000000000003,1.447184e-06,0.0
-13.985000000000001,1.441289e-06,0.0
-13.975000000000001,1.434954e-06,0.0
-13.965000000000002,1.418198e-06,0.0
-13.955000000000002,1.411373e-06,0.0
-13.945000000000002,1.409725e-06,0.0
-13.935000000000002,1.43235e-06,0.0
-13.925000000000002,1.440793e-06,0.0
-13.915000000000003,1.449671e-06,0.0
-13.905000000000001,1.463038e-06,0.0
-13.895000000000001,1.465513e-06,0.0
-13.885000000000002,1.475274e-06,0.0
-13.875000000000002,1.471185e-06,0.0
-13.865000000000002,1.476936e-06,0.0
-13.855000000000002,1.471838e-06,0.0
-13.845000000000002,1.446254e-06,0.0
-13.835000000000003,1.42962e-06,0.0
-13.825000000000003,1.416885e-06,0.0
-13.812500000000002,1.422912e-06,0.0
-13.802500000000002,1.433652e-06,0.0
-13.795000000000002,1.432583e-06,0.0
-13.785000000000002,1.444074e-06,0.0
-13.775000000000002,1.427725e-06,0.0
-13.765000000000002,1.422031e-06,0.0
-13.755000000000003,1.421893e-06,0.0
-13.745000000000003,1.437592e-06,0.0
-13.735000000000001,1.448118e-06,0.0
-13.722500000000002,1.460558e-06,0.0
-13.715000000000002,1.470896e-06,0.0
-13.705000000000002,1.482336e-06,0.0
-13.695000000000002,1.482388e-06,0.0
-13.685000000000002,1.487123e-06,0.0
-13.672500000000001,1.483788e-06,0.0
-13.665000000000003,1.466881e-06,0.0
-13.655000000000001,1.458022e-06,0.0
-13.645000000000001,1.443879e-06,0.0
-13.635000000000002,1.44071e-06,0.0
-13.625000000000002,1.442739e-06,0.0
-13.615000000000002,1.442859e-06,0.0
-13.605000000000002,1.450744e-06,0.0
-13.595000000000002,1.447193e-06,0.0
-13.585000000000003,1.448439e-06,0.0
-13.575000000000001,1.468337e-06,0.0
-13.562500000000002,1.463196e-06,0.0
-13.552500000000002,1.468288e-06,0.0
-13.542500000000002,1.480986e-06,0.0
-13.532500000000002,1.486679e-06,0.0
-13.522500000000003,1.477699e-06,0.0
-13.512500000000001,1.479064e-06,0.0
-13.502500000000001,1.461668e-06,0.0
-13.492500000000001,1.428445e-06,0.0
-13.482500000000002,1.428143e-06,0.0
-13.472500000000002,1.420599e-06,0.0
-13.465000000000002,1.427601e-06,0.0
-13.452500000000002,1.425161e-06,0.0
-13.442500000000003,1.433898e-06,0.0
-13.432500000000003,1.448916e-06,0.0
-13.422500000000001,1.440031e-06,0.0
-13.412500000000001,1.444532e-06,0.0
-13.405000000000001,1.451282e-06,0.0
-13.392500000000002,1.457126e-06,0.0
-13.385000000000002,1.47487e-06,0.0
-13.372500000000002,1.468041e-06,0.0
-13.365000000000002,1.472958e-06,0.0
-13.352500000000003,1.472771e-06,0.0
-13.342500000000001,1.459627e-06,0.0
-13.335000000000003,1.462146e-06,0.0
-13.322500000000002,1.44615e-06,0.0
-13.315000000000001,1.441339e-06,0.0
-13.302500000000002,1.43823e-06,0.0
-13.292500000000002,1.423959e-06,0.0
-13.282500000000002,1.405584e-06,0.0
-13.275000000000002,1.419961e-06,0.0
-13.265000000000002,1.429683e-06,0.0
-13.252500000000001,1.43522e-06,0.0
-13.245000000000001,1.440685e-06,0.0
-13.235000000000001,1.447407e-06,0.0
-13.225000000000001,1.451147e-06,0.0
-13.215000000000002,1.44921e-06,0.0
-13.205000000000002,1.424215e-06,0.0
-13.195000000000002,1.395683e-06,0.0
-13.185000000000002,1.392428e-06,0.0
-13.172500000000001,1.368885e-06,0.0
-13.165000000000003,1.368134e-06,0.0
-13.155000000000001,1.375908e-06,0.0
-13.145000000000001,1.377506e-06,0.0
-13.135000000000002,1.386743e-06,0.0
-13.125000000000002,1.382045e-06,0.0
-13.115000000000002,1.379894e-06,0.0
-13.105000000000002,1.372033e-06,0.0
-13.095000000000002,1.372187e-06,0.0
-13.085000000000003,1.380861e-06,0.0
-13.075000000000001,1.384694e-06,0.0
-13.062500000000002,1.385969e-06,0.0
-13.055000000000001,1.386764e-06,0.0
-13.045000000000002,1.374581e-06,0.0
-13.035000000000002,1.376432e-06,0.0
-13.025000000000002,1.369993e-06,0.0
-13.015000000000002,1.373102e-06,0.0
-13.005000000000003,1.368574e-06,0.0
-12.992500000000001,1.367254e-06,0.0
-12.982500000000002,1.363516e-06,0.0
-12.972500000000002,1.353236e-06,0.0
-12.965000000000002,1.351418e-06,0.0
-12.955000000000002,1.348968e-06,0.0
-12.945000000000002,1.354479e-06,0.0
-12.935000000000002,1.356748e-06,0.0
-12.925000000000002,1.34705e-06,0.0
-12.915000000000003,1.35098e-06,0.0
-12.902500000000002,1.358208e-06,0.0
-12.895000000000001,1.371628e-06,0.0
-12.885000000000002,1.380344e-06,0.0
-12.875000000000002,1.381466e-06,0.0
-12.865000000000002,1.386263e-06,0.0
-12.855000000000002,1.390773e-06,0.0
-12.845000000000002,1.395704e-06,0.0
-12.835000000000003,1.411308e-06,0.0
-12.822500000000002,1.411666e-06,0.0
-12.812500000000002,1.408568e-06,0.0
-12.805000000000001,1.41378e-06,0.0
-12.795000000000002,1.408853e-06,0.0
-12.782500000000002,1.410225e-06,0.0
-12.775000000000002,1.418502e-06,0.0
-12.762500000000001,1.415221e-06,0.0
-12.755000000000003,1.423485e-06,0.0
-12.745000000000001,1.413615e-06,0.0
-12.732500000000002,1.40574e-06,0.0
-12.722500000000002,1.408718e-06,0.0
-12.712500000000002,1.411674e-06,0.0
-12.702500000000002,1.408036e-06,0.0
-12.692500000000003,1.418013e-06,0.0
-12.682500000000001,1.407222e-06,0.0
-12.672500000000001,1.418702e-06,0.0
-12.662500000000001,1.417546e-06,0.0
-12.652500000000002,1.418117e-06,0.0
-12.642500000000002,1.417948e-06,0.0
-12.632500000000002,1.421695e-06,0.0
-12.622500000000002,1.432484e-06,0.0
-12.612500000000002,1.436144e-06,0.0
-12.602500000000001,1.434232e-06,0.0
-12.592500000000001,1.442816e-06,0.0
-12.582500000000001,1.431287e-06,0.0
-12.575000000000001,1.445532e-06,0.0
-12.562500000000002,1.442146e-06,0.0
-12.555000000000001,1.441864e-06,0.0
-12.545000000000002,1.440059e-06,0.0
-12.535000000000002,1.450617e-06,0.0
-12.525000000000002,1.450119e-06,0.0
-12.515000000000002,1.454387e-06,0.0
-12.505000000000003,1.469824e-06,0.0
-12.495000000000001,1.466927e-06,0.0
-12.485000000000001,1.478567e-06,0.0
-12.475000000000001,1.480451e-06,0.0
-12.465000000000002,1.487001e-06,0.0
-12.455000000000002,1.49235e-06,0.0
-12.442500000000003,1.510747e-06,0.0
-12.435000000000002,1.505075e-06,0.0
-12.425000000000002,1.499024e-06,0.0
-12.415000000000001,1.506337e-06,0.0
-12.405000000000001,1.532717e-06,0.0
-12.392500000000002,1.535805e-06,0.0
-12.382500000000002,1.535314e-06,0.0
-12.375000000000002,1.526347e-06,0.0
-12.362500000000002,1.522719e-06,0.0
-12.355000000000002,1.534321e-06,0.0
-12.342500000000001,1.550052e-06,0.0
-12.335000000000003,1.536212e-06,0.0
-12.325000000000001,1.557727e-06,0.0
-12.315000000000001,1.567235e-06,0.0
-12.302500000000002,1.574613e-06,0.0
-12.295000000000002,1.578662e-06,0.0
-12.285000000000002,1.590946e-06,0.0
-12.272500000000003,1.603398e-06,0.0
-12.262500000000001,1.609465e-06,0.0
-12.252500000000001,1.619209e-06,0.0
-12.245000000000001,1.62509e-06,0.0
-12.235000000000001,1.639569e-06,0.0
-12.225000000000001,1.650194e-06,0.0
-12.215000000000002,1.660256e-06,0.0
-12.205000000000002,1.685143e-06,0.0
-12.195000000000002,1.67223e-06,0.0
-12.185000000000002,1.685414e-06,0.0
-12.175000000000002,1.711887e-06,0.0
-12.162500000000001,1.714141e-06,0.0
-12.155000000000001,1.714244e-06,0.0
-12.142500000000002,1.738127e-06,0.0
-12.135000000000002,1.748326e-06,0.0
-12.122500000000002,1.749246e-06,0.0
-12.115000000000002,1.754196e-06,0.0
-12.102500000000001,1.757475e-06,0.0
-12.095000000000002,1.770086e-06,0.0
-12.085,1.790423e-06,0.0
-12.075000000000001,1.782992e-06,0.0
-12.065000000000001,1.812171e-06,0.0
-12.055000000000001,1.82122e-06,0.0
-12.045000000000002,1.810293e-06,0.0
-12.032500000000002,1.820618e-06,0.0
-12.025000000000002,1.817268e-06,0.0
-12.012500000000001,1.813816e-06,0.0
-12.005000000000003,1.808512e-06,0.0
-11.995000000000001,1.818188e-06,0.0
-11.985000000000001,1.825791e-06,0.0
-11.972500000000002,1.842439e-06,0.0
-11.965000000000002,1.829373e-06,0.0
-11.955000000000002,1.844485e-06,0.0
-11.942500000000003,1.846248e-06,0.0
-11.935000000000002,1.85658e-06,0.0
-11.922500000000001,1.863108e-06,0.0
-11.915000000000001,1.878411e-06,0.0
-11.902500000000002,1.878853e-06,0.0
-11.895000000000001,1.880913e-06,0.0
-11.885000000000002,1.900646e-06,0.0
-11.875000000000002,1.905211e-06,0.0
-11.862500000000002,1.927349e-06,0.0
-11.855000000000002,1.955237e-06,0.0
-11.845000000000002,1.981564e-06,0.0
-11.835,2.007714e-06,0.0
-11.825000000000001,2.03087e-06,0.0
-11.812500000000002,2.027167e-06,0.0
-11.802500000000002,2.044223e-06,0.0
-11.792500000000002,2.063288e-06,0.0
-11.782500000000002,2.078152e-06,0.0
-11.775000000000002,2.086457e-06,0.0
-11.765000000000002,2.101997e-06,0.0
-11.755000000000003,2.097533e-06,0.0
-11.745000000000001,2.143037e-06,0.0
-11.735000000000001,2.151258e-06,0.0
-11.725000000000001,2.177683e-06,0.0
-11.715000000000002,2.210867e-06,0.0
-11.705000000000002,2.247675e-06,0.0
-11.695000000000002,2.277023e-06,0.0
-11.685000000000002,2.30599e-06,0.0
-11.675000000000002,2.342594e-06,0.0
-11.665000000000001,2.336501e-06,0.0
-11.655000000000001,2.32346e-06,0.0
-11.645000000000001,2.327052e-06,0.0
-11.635000000000002,2.33589e-06,0.0
-11.625000000000002,2.33881e-06,0.0
-11.615000000000002,2.351269e-06,0.0
-11.605000000000002,2.362637e-06,0.0
-11.595000000000002,2.383588e-06,0.0
-11.585,2.380572e-06,0.0
-11.575000000000001,2.405107e-06,0.0
-11.565000000000001,2.421076e-06,0.0
-11.552500000000002,2.421395e-06,0.0
-11.545000000000002,2.446767e-06,0.0
-11.535000000000002,2.456551e-06,0.0
-11.525000000000002,2.460869e-06,0.0
-11.515000000000002,2.452231e-06,0.0
-11.505,2.440077e-06,0.0
-11.495000000000001,2.459356e-06,0.0
-11.485000000000001,2.471389e-06,0.0
-11.475000000000001,2.491359e-06,0.0
-11.465000000000002,2.497716e-06,0.0
-11.455000000000002,2.515677e-06,0.0
-11.445000000000002,2.496898e-06,0.0
-11.435000000000002,2.518664e-06,0.0
-11.422500000000001,2.54267e-06,0.0
-11.415000000000001,2.560066e-06,0.0
-11.405000000000001,2.579877e-06,0.0
-11.392500000000002,2.569592e-06,0.0
-11.385000000000002,2.575206e-06,0.0
-11.372500000000002,2.590647e-06,0.0
-11.365000000000002,2.600745e-06,0.0
-11.355000000000002,2.622146e-06,0.0
-11.345000000000002,2.642155e-06,0.0
-11.332500000000001,2.645712e-06,0.0
-11.322500000000002,2.677149e-06,0.0
-11.315000000000001,2.722699e-06,0.0
-11.305000000000001,2.794479e-06,0.0
-11.295000000000002,2.865622e-06,0.0
-11.285000000000002,2.896704e-06,0.0
-11.275000000000002,2.805336e-06,0.0
-11.265000000000002,2.768294e-06,0.0
-11.255,2.767725e-06,0.0
-11.245000000000001,2.780297e-06,0.0
-11.235000000000001,2.793067e-06,0.0
-11.225000000000001,2.803005e-06,0.0
-11.215000000000002,2.825578e-06,0.0
-11.205000000000002,2.837849e-06,0.0
-11.195000000000002,2.836049e-06,0.0
-11.182500000000001,2.848707e-06,0.0
-11.175,2.875638e-06,0.0
-11.165000000000001,2.890833e-06,0.0
-11.152500000000002,2.911137e-06,0.0
-11.145000000000001,2.921678e-06,0.0
-11.135000000000002,2.932459e-06,0.0
-11.122500000000002,2.931068e-06,0.0
-11.115000000000002,2.95269e-06,0.0
-11.105000000000002,2.94888e-06,0.0
-11.092500000000001,2.982917e-06,0.0
-11.085,2.995095e-06,0.0
-11.075000000000001,2.995966e-06,0.0
-11.062500000000002,2.997754e-06,0.0
-11.055000000000001,3.028187e-06,0.0
-11.045000000000002,3.005589e-06,0.0
-11.035000000000002,3.010407e-06,0.0
-11.025000000000002,3.02447e-06,0.0
-11.015000000000002,3.034087e-06,0.0
-11.005,3.044973e-06,0.0
-10.992500000000001,3.050825e-06,0.0
-10.985000000000001,3.047587e-06,0.0
-10.975000000000001,3.060222e-06,0.0
-10.965000000000002,3.046703e-06,0.0
-10.955000000000002,3.048578e-06,0.0
-10.945000000000002,3.029044e-06,0.0
-10.935000000000002,3.05719e-06,0.0
-10.922500000000001,3.053179e-06,0.0
-10.915000000000001,3.044518e-06,0.0
-10.905000000000001,3.073061e-06,0.0
-10.892500000000002,3.069929e-06,0.0
-10.885000000000002,3.061862e-06,0.0
-10.875000000000002,3.031679e-06,0.0
-10.8625,3.039773e-06,0.0
-10.855000000000002,3.033785e-06,0.0
-10.845000000000002,3.052903e-06,0.0
-10.835,3.041134e-06,0.0
-10.825000000000001,3.049192e-06,0.0
-10.815000000000001,3.046299e-06,0.0
-10.805000000000001,3.068509e-06,0.0
-10.792500000000002,3.042257e-06,0.0
-10.785000000000002,3.057826e-06,0.0
-10.775000000000002,3.072837e-06,0.0
-10.765000000000002,3.067387e-06,0.0
-10.755,3.07042e-06,0.0
-10.745000000000001,3.079882e-06,0.0
-10.732500000000002,3.08712e-06,0.0
-10.725000000000001,3.081882e-06,0.0
-10.715000000000002,3.109318e-06,0.0
-10.705000000000002,3.089855e-06,0.0
-10.695000000000002,3.118558e-06,0.0
-10.685000000000002,3.124816e-06,0.0
-10.675,3.129066e-06,0.0
-10.665000000000001,3.124313e-06,0.0
-10.655000000000001,3.143455e-06,0.0
-10.645000000000001,3.162186e-06,0.0
-10.635000000000002,3.168823e-06,0.0
-10.625000000000002,3.158353e-06,0.0
-10.6125,3.183965e-06,0.0
-10.602500000000001,3.193637e-06,0.0
-10.592500000000001,3.21471e-06,0.0
-10.582500000000001,3.222827e-06,0.0
-10.572500000000002,3.219085e-06,0.0
-10.562500000000002,3.241895e-06,0.0
-10.552500000000002,3.243744e-06,0.0
-10.542500000000002,3.279176e-06,0.0
-10.5325,3.275953e-06,0.0
-10.525000000000002,3.292966e-06,0.0
-10.515000000000002,3.292007e-06,0.0
-10.505,3.326344e-06,0.0
-10.495000000000001,3.325052e-06,0.0
-10.485000000000001,3.357975e-06,0.0
-10.475000000000001,3.360903e-06,0.0
-10.465000000000002,3.382372e-06,0.0
-10.455000000000002,3.409235e-06,0.0
-10.445000000000002,3.406034e-06,0.0
-10.435000000000002,3.429886e-06,0.0
-10.425,3.437122e-06,0.0
-10.415000000000001,3.44432e-06,0.0
-10.405000000000001,3.474377e-06,0.0
-10.395000000000001,3.487399e-06,0.0
-10.385000000000002,3.506512e-06,0.0
-10.375000000000002,3.525813e-06,0.0
-10.365000000000002,3.531538e-06,0.0
-10.355000000000002,3.546053e-06,0.0
-10.345,3.581706e-06,0.0
-10.335,3.567858e-06,0.0
-10.325000000000001,3.58714e-06,0.0
-10.315000000000001,3.626119e-06,0.0
-10.305000000000001,3.638316e-06,0.0
-10.295000000000002,3.652682e-06,0.0
-10.285000000000002,3.669865e-06,0.0
-10.275000000000002,3.690476e-06,0.0
-10.265000000000002,3.699459e-06,0.0
-10.255,3.738263e-06,0.0
-10.245000000000001,3.746471e-06,0.0
-10.232500000000002,3.763599e-06,0.0
-10.222500000000002,3.786872e-06,0.0
-10.215000000000002,3.787634e-06,0.0
-10.205000000000002,3.817475e-06,0.0
-10.195000000000002,3.836386e-06,0.0
-10.185000000000002,3.825892e-06,0.0
-10.175,3.874675e-06,0.0
-10.165000000000001,3.900253e-06,0.0
-10.155000000000001,3.920497e-06,0.0
-10.145000000000001,3.928595e-06,0.0
-10.135000000000002,3.953526e-06,0.0
-10.125000000000002,3.990316e-06,0.0
-10.115000000000002,4.029045e-06,0.0
-10.105000000000002,4.025844e-06,0.0
-10.095,4.044717e-06,0.0
-10.085,4.030664e-06,0.0
-10.075000000000001,4.064272e-06,0.0
-10.065000000000001,4.104743e-06,0.0
-10.055000000000001,4.120413e-06,0.0
-10.045000000000002,4.137983e-06,0.0
-10.035000000000002,4.162472e-06,0.0
-10.025000000000002,4.198724e-06,0.0
-10.015,4.216246e-06,0.0
-10.005,4.248791e-06,0.0
-9.995000000000001,4.250242e-06,0.0
-9.985000000000001,4.264203e-06,0.0
-9.975000000000001,4.279304e-06,0.0
-9.965000000000002,4.319822e-06,0.0
-9.955000000000002,4.333531e-06,0.0
-9.945000000000002,4.371086e-06,0.0
-9.935000000000002,4.392191e-06,0.0
-9.925,4.390672e-06,0.0
-9.915000000000001,4.433e-06,0.0
-9.902500000000002,4.438809e-06,0.0
-9.892500000000002,4.437621e-06,0.0
-9.882500000000002,4.454558e-06,0.0
-9.872500000000002,4.469674e-06,0.0
-9.8625,4.508464e-06,0.0
-9.852500000000001,4.531271e-06,0.0
-9.842500000000001,4.550676e-06,0.0
-9.832500000000001,4.556084e-06,0.0
-9.822500000000002,4.560397e-06,0.0
-9.812500000000002,4.589099e-06,0.0
-9.802500000000002,4.602342e-06,0.0
-9.792500000000002,4.62132e-06,0.0
-9.7825,4.609696e-06,0.0
-9.7725,4.65914e-06,0.0
-9.762500000000001,4.657443e-06,0.0
-9.752500000000001,4.682926e-06,0.0
-9.742500000000001,4.690519e-06,0.0
-9.732500000000002,4.693103e-06,0.0
-9.722500000000002,4.707193e-06,0.0
-9.712500000000002,4.725243e-06,0.0
-9.7025,4.738082e-06,0.0
-9.6925,4.74222e-06,0.0
-9.682500000000001,4.780217e-06,0.0
-9.672500000000001,4.75741e-06,0.0
-9.662500000000001,4.793964e-06,0.0
-9.652500000000002,4.80022e-06,0.0
-9.642500000000002,4.816109e-06,0.0
-9.632500000000002,4.811504e-06,0.0
-9.6225,4.820815e-06,0.0
-9.6125,4.839829e-06,0.0
-9.605000000000002,4.856346e-06,0.0
-9.595,4.845514e-06,0.0
-9.585,4.85514e-06,0.0
-9.575000000000001,4.872459e-06,0.0
-9.565000000000001,4.902571e-06,0.0
-9.555000000000001,4.884672e-06,0.0
-9.542500000000002,4.90584e-06,0.0
-9.5325,4.926086e-06,0.0
-9.5225,4.931893e-06,0.0
-9.512500000000001,4.944606e-06,0.0
-9.502500000000001,4.944776e-06,0.0
-9.492500000000001,4.955201e-06,0.0
-9.482500000000002,4.971833e-06,0.0
-9.472500000000002,4.969552e-06,0.0
-9.462500000000002,4.978467e-06,0.0
-9.4525,4.995588e-06,0.0
-9.4425,4.997399e-06,0.0
-9.432500000000001,5.016333e-06,0.0
-9.422500000000001,5.062909e-06,0.0
-9.412500000000001,5.020858e-06,0.0
-9.402500000000002,5.055202e-06,0.0
-9.392500000000002,5.082336e-06,0.0
-9.382500000000002,5.074928e-06,0.0
-9.3725,5.086833e-06,0.0
-9.3625,5.08804e-06,0.0
-9.352500000000001,5.103178e-06,0.0
-9.342500000000001,5.121661e-06,0.0
-9.332500000000001,5.132336e-06,0.0
-9.322500000000002,5.150324e-06,0.0
-9.312500000000002,5.167233e-06,0.0
-9.302500000000002,5.180671e-06,0.0
-9.292500000000002,5.18611e-06,0.0
-9.2825,5.208448e-06,0.0
-9.2725,5.205775e-06,0.0
-9.262500000000001,5.236101e-06,0.0
-9.252500000000001,5.237047e-06,0.0
-9.242500000000001,5.283618e-06,0.0
-9.232500000000002,5.273121e-06,0.0
-9.222500000000002,5.292933e-06,0.0
-9.212500000000002,5.305477e-06,0.0
-9.2025,5.334073e-06,0.0
-9.1925,5.34051e-06,0.0
-9.182500000000001,5.350699e-06,0.0
-9.172500000000001,5.363468e-06,0.0
-9.162500000000001,5.367237e-06,0.0
-9.152500000000002,5.36835e-06,0.0
-9.142500000000002,5.384819e-06,0.0
-9.132500000000002,5.412482e-06,0.0
-9.1225,5.413609e-06,0.0
-9.1125,5.434043e-06,0.0
-9.102500000000001,5.449926e-06,0.0
-9.092500000000001,5.469637e-06,0.0
-9.082500000000001,5.464784e-06,0.0
-9.072500000000002,5.486218e-06,0.0
-9.062500000000002,5.468231e-06,0.0
-9.052500000000002,5.508035e-06,0.0
-9.0425,5.507361e-06,0.0
-9.0325,5.521412e-06,0.0
-9.0225,5.533936e-06,0.0
-9.012500000000001,5.530632e-06,0.0
-9.002500000000001,5.540274e-06,0.0
-8.992500000000001,5.551198e-06,0.0
-8.982500000000002,5.551301e-06,0.0
-8.972500000000002,5.580559e-06,0.0
-8.962500000000002,5.559002e-06,0.0
-8.9525,5.58918e-06,0.0
-8.9425,5.583517e-06,0.0
-8.932500000000001,5.59189e-06,0.0
-8.922500000000001,5.601106e-06,0.0
-8.912500000000001,5.596956e-06,0.0
-8.902500000000002,5.588349e-06,0.0
-8.892500000000002,5.615776e-06,0.0
-8.882500000000002,5.617393e-06,0.0
-8.8725,5.621468e-06,0.0
-8.8625,5.617955e-06,0.0
-8.852500000000001,5.639225e-06,0.0
-8.842500000000001,5.635129e-06,0.0
-8.832500000000001,5.624951e-06,0.0
-8.822500000000002,5.645875e-06,0.0
-8.812500000000002,5.625214e-06,0.0
-8.805000000000001,5.640232e-06,0.0
-8.795000000000002,5.640954e-06,0.0
-8.785000000000002,5.631437e-06,0.0
-8.775000000000002,5.624205e-06,0.0
-8.762500000000001,5.626187e-06,0.0
-8.752500000000001,5.616044e-06,0.0
-8.742500000000001,5.627003e-06,0.0
-8.732500000000002,5.613833e-06,0.0
-8.722500000000002,5.627091e-06,0.0
-8.7125,5.614379e-06,0.0
-8.7025,5.613318e-06,0.0
-8.695000000000002,5.60723e-06,0.0
-8.685,5.606472e-06,0.0
-8.675,5.620206e-06,0.0
-8.662500000000001,5.573273e-06,0.0
-8.655000000000001,5.573943e-06,0.0
-8.645000000000001,5.575601e-06,0.0
-8.635000000000002,5.574671e-06,0.0
-8.625000000000002,5.55721e-06,0.0
-8.615000000000002,5.533696e-06,0.0
-8.605,5.534681e-06,0.0
-8.595,5.513806e-06,0.0
-8.585,5.524439e-06,0.0
-8.575000000000001,5.50858e-06,0.0
-8.565000000000001,5.510216e-06,0.0
-8.555000000000001,5.497707e-06,0.0
-8.545000000000002,5.485162e-06,0.0
-8.535000000000002,5.49917e-06,0.0
-8.525,5.456496e-06,0.0
-8.515,5.466464e-06,0.0
-8.505,5.440212e-06,0.0
-8.495000000000001,5.440887e-06,0.0
-8.485000000000001,5.407554e-06,0.0
-8.475000000000001,5.392368e-06,0.0
-8.465000000000002,5.391744e-06,0.0
-8.455000000000002,5.385513e-06,0.0
-8.445000000000002,5.37529e-06,0.0
-8.435,5.36534e-06,0.0
-8.425,5.348729e-06,0.0
-8.415000000000001,5.348237e-06,0.0
-8.405000000000001,5.339453e-06,0.0
-8.395000000000001,5.324785e-06,0.0
-8.385000000000002,5.339334e-06,0.0
-8.375000000000002,5.324138e-06,0.0
-8.365000000000002,5.303827e-06,0.0
-8.355,5.320442e-06,0.0
-8.345,5.322424e-06,0.0
-8.335,5.319063e-06,0.0
-8.325000000000001,5.316067e-06,0.0
-8.315000000000001,5.324945e-06,0.0
-8.305000000000001,5.335162e-06,0.0
-8.295000000000002,5.338389e-06,0.0
-8.285000000000002,5.333107e-06,0.0
-8.275,5.357027e-06,0.0
-8.265,5.38831e-06,0.0
-8.255,5.404254e-06,0.0
-8.245000000000001,5.44659e-06,0.0
-8.235000000000001,5.47437e-06,0.0
-8.225000000000001,5.489301e-06,0.0
-8.215000000000002,5.547039e-06,0.0
-8.2025,5.615716e-06,0.0
-8.1925,5.665481e-06,0.0
-8.182500000000001,5.722116e-06,0.0
-8.172500000000001,5.804343e-06,0.0
-8.162500000000001,5.91396e-06,0.0
-8.152500000000002,5.997132e-06,0.0
-8.142500000000002,6.143794e-06,0.0
-8.1325,6.3248e-06,0.0
-8.1225,6.529071e-06,0.0
-8.1125,6.687455e-06,0.0
-8.102500000000001,6.840588e-06,0.0
-8.092500000000001,7.004061e-06,0.0
-8.082500000000001,7.230432e-06,0.0
-8.072500000000002,7.501671e-06,0.0
-8.065000000000001,7.830035e-06,0.0
-8.055000000000001,8.236396e-06,0.0
-8.045000000000002,8.84676e-06,0.0
-8.035000000000002,9.698926e-06,0.0
-8.025,1.039104e-05,0.0
-8.015,1.101605e-05,0.0
-8.005,1.173822e-05,0.0
-7.995000000000001,1.271634e-05,0.0
-7.985000000000001,1.351479e-05,0.0
-7.975000000000001,1.38548e-05,0.0
-7.965000000000001,1.440875e-05,0.0
-7.955000000000001,1.630889e-05,0.0
-7.945000000000001,2.034112e-05,0.0
-7.935000000000001,2.601787e-05,0.0
-7.925000000000001,3.289937e-05,0.0
-7.915000000000001,3.754863e-05,0.0
-7.905000000000001,3.875168e-05,0.0
-7.895000000000001,3.704923e-05,0.0
-7.885000000000002,3.598106e-05,0.0
-7.875000000000001,3.820943e-05,0.0
-7.865000000000001,4.287974e-05,0.0
-7.855000000000001,5.28341e-05,0.0
-7.8450000000000015,7.045449e-05,0.0
-7.835000000000001,9.026375e-05,0.0
-7.825000000000001,9.925084e-05,0.0
-7.815000000000001,9.250313e-05,0.0
-7.8050000000000015,7.610013e-05,0.0
-7.795000000000001,6.481916e-05,0.0
-7.785000000000001,6.192354e-05,0.0
-7.775000000000001,6.499828e-05,0.0
-7.7650000000000015,7.146595e-05,0.0
-7.755000000000001,7.993189e-05,0.0
-7.745000000000001,8.669651e-05,0.0
-7.735000000000001,8.884057e-05,0.0
-7.722500000000001,8.430046e-05,0.0
-7.712500000000001,7.14452e-05,0.0
-7.7025000000000015,5.720661e-05,0.0
-7.692500000000001,4.760482e-05,0.0
-7.682500000000001,4.366717e-05,0.0
-7.672500000000001,4.244721e-05,0.0
-7.662500000000001,4.123742e-05,0.0
-7.652500000000001,4.295719e-05,0.0
-7.642500000000001,4.650766e-05,0.0
-7.632500000000001,4.754724e-05,0.0
-7.622500000000001,4.747081e-05,0.0
-7.612500000000001,4.765379e-05,0.0
-7.602500000000001,4.600832e-05,0.0
-7.592500000000001,4.044063e-05,0.0
-7.582500000000001,3.256248e-05,0.0
-7.572500000000001,2.732812e-05,0.0
-7.562500000000001,2.448051e-05,0.0
-7.552500000000001,2.251548e-05,0.0
-7.542500000000001,2.124446e-05,0.0
-7.532500000000001,2.180045e-05,0.0
-7.522500000000001,2.43766e-05,0.0
-7.512500000000001,2.675911e-05,0.0
-7.502500000000001,2.839931e-05,0.0
-7.4925000000000015,2.805242e-05,0.0
-7.482500000000001,2.596002e-05,0.0
-7.472500000000001,2.321952e-05,0.0
-7.462500000000001,2.355345e-05,0.0
-7.4525000000000015,2.610367e-05,0.0
-7.442500000000001,2.806235e-05,0.0
-7.432500000000001,2.789685e-05,0.0
-7.422500000000001,2.56566e-05,0.0
-7.412500000000001,2.272247e-05,0.0
-7.402500000000001,2.097733e-05,0.0
-7.392500000000001,2.065452e-05,0.0
-7.382500000000001,2.023775e-05,0.0
-7.372500000000001,2.021853e-05,0.0
-7.362500000000001,2.200652e-05,0.0
-7.352500000000001,2.447332e-05,0.0
-7.342500000000001,2.564104e-05,0.0
-7.332500000000001,2.417771e-05,0.0
-7.322500000000001,2.150552e-05,0.0
-7.312500000000001,2.008635e-05,0.0
-7.302500000000001,1.991853e-05,0.0
-7.292500000000001,2.053839e-05,0.0
-7.282500000000001,2.130412e-05,0.0
-7.272500000000001,2.22979e-05,0.0
-7.262500000000001,2.274496e-05,0.0
-7.252500000000001,2.02506e-05,0.0
-7.242500000000001,1.668952e-05,0.0
-7.232500000000001,1.605576e-05,0.0
-7.222500000000001,1.694427e-05,0.0
-7.215000000000001,1.75386e-05,0.0
-7.205000000000001,1.84199e-05,0.0
-7.192500000000001,2.00125e-05,0.0
-7.182500000000001,2.117977e-05,0.0
-7.172500000000001,2.067839e-05,0.0
-7.162500000000001,1.882747e-05,0.0
-7.152500000000001,1.660293e-05,0.0
-7.142500000000001,1.591341e-05,0.0
-7.132500000000001,1.709115e-05,0.0
-7.122500000000001,1.906836e-05,0.0
-7.112500000000001,1.966639e-05,0.0
-7.102500000000001,1.780643e-05,0.0
-7.092500000000001,1.509083e-05,0.0
-7.082500000000001,1.400932e-05,0.0
-7.072500000000001,1.44821e-05,0.0
-7.062500000000001,1.524786e-05,0.0
-7.052500000000001,1.603017e-05,0.0
-7.042500000000001,1.693739e-05,0.0
-7.032500000000001,1.703784e-05,0.0
-7.022500000000001,1.641075e-05,0.0
-7.012500000000001,1.566435e-05,0.0
-7.002500000000001,1.477682e-05,0.0
-6.992500000000001,1.37594e-05,0.0
-6.982500000000001,1.274902e-05,0.0
-6.972500000000001,1.177083e-05,0.0
-6.962500000000001,1.149465e-05,0.0
-6.952500000000001,1.226677e-05,0.0
-6.942500000000001,1.379887e-05,0.0
-6.932500000000001,1.526421e-05,0.0
-6.922500000000001,1.625578e-05,0.0
-6.912500000000001,1.665185e-05,0.0
-6.902500000000001,1.643786e-05,0.0
-6.892500000000001,1.632869e-05,0.0
-6.882500000000001,1.61052e-05,0.0
-6.872500000000001,1.518265e-05,0.0
-6.862500000000001,1.429296e-05,0.0
-6.852500000000001,1.387369e-05,0.0
-6.842500000000001,1.352519e-05,0.0
-6.832500000000001,1.331876e-05,0.0
-6.822500000000001,1.328021e-05,0.0
-6.812500000000001,1.332569e-05,0.0
-6.802500000000001,1.304186e-05,0.0
-6.792500000000001,1.290932e-05,0.0
-6.782500000000001,1.250653e-05,0.0
-6.772500000000001,1.223428e-05,0.0
-6.762500000000001,1.219699e-05,0.0
-6.752500000000001,1.196751e-05,0.0
-6.742500000000001,1.193645e-05,0.0
-6.732500000000001,1.186479e-05,0.0
-6.722500000000001,1.165974e-05,0.0
-6.712500000000001,1.160131e-05,0.0
-6.702500000000001,1.110197e-05,0.0
-6.692500000000001,9.794988e-06,0.0
-6.682500000000001,8.534889e-06,0.0
-6.672500000000001,8.488452e-06,0.0
-6.6625000000000005,8.947722e-06,0.0
-6.652500000000001,9.599467e-06,0.0
-6.642500000000001,1.018703e-05,0.0
-6.632500000000001,1.068376e-05,0.0
-6.6225000000000005,1.161652e-05,0.0
-6.612500000000001,1.246611e-05,0.0
-6.602500000000001,1.28547e-05,0.0
-6.592500000000001,1.317805e-05,0.0
-6.582500000000001,1.397049e-05,0.0
-6.572500000000001,1.429442e-05,0.0
-6.562500000000001,1.401312e-05,0.0
-6.552500000000001,1.411202e-05,0.0
-6.542500000000001,1.411959e-05,0.0
-6.532500000000001,1.357972e-05,0.0
-6.522500000000001,1.238903e-05,0.0
-6.512500000000001,1.081701e-05,0.0
-6.502500000000001,9.486201e-06,0.0
-6.492500000000001,8.376471e-06,0.0
-6.482500000000001,7.465621e-06,0.0
-6.472500000000001,6.842613e-06,0.0
-6.462500000000001,6.36762e-06,0.0
-6.452500000000001,6.336967e-06,0.0
-6.442500000000001,7.398504e-06,0.0
-6.432500000000001,9.384744e-06,0.0
-6.422500000000001,1.049293e-05,0.0
-6.4125000000000005,1.04419e-05,0.0
-6.402500000000001,1.037079e-05,0.0
-6.392500000000001,1.089754e-05,0.0
-6.382500000000001,1.229121e-05,0.0
-6.3725000000000005,1.524098e-05,0.0
-6.362500000000001,1.960624e-05,0.0
-6.352500000000001,2.17167e-05,0.0
-6.342500000000001,2.031127e-05,0.0
-6.3325000000000005,1.833831e-05,0.0
-6.322500000000001,1.733262e-05,0.0
-6.312500000000001,1.700853e-05,0.0
-6.302500000000001,1.677829e-05,0.0
-6.292500000000001,1.656476e-05,0.0
-6.282500000000001,1.601888e-05,0.0
-6.272500000000001,1.476643e-05,0.0
-6.262500000000001,1.288625e-05,0.0
-6.252500000000001,1.176856e-05,0.0
-6.242500000000001,1.054255e-05,0.0
-6.232500000000001,9.691616e-06,0.0
-6.222500000000001,9.963524e-06,0.0
-6.212500000000001,9.253166e-06,0.0
-6.202500000000001,7.743231e-06,0.0
-6.192500000000001,7.323192e-06,0.0
-6.182500000000001,8.029385e-06,0.0
-6.172500000000001,1.162952e-05,0.0
-6.1625000000000005,1.635436e-05,0.0
-6.152500000000001,1.360572e-05,0.0
-6.142500000000001,7.642004e-06,0.0
-6.132500000000001,6.448416e-06,0.0
-6.1225000000000005,5.870996e-06,0.0
-6.112500000000001,5.251511e-06,0.0
-6.102500000000001,5.430162e-06,0.0
-6.092500000000001,5.834386e-06,0.0
-6.0825000000000005,5.451038e-06,0.0
-6.072500000000001,4.91763e-06,0.0
-6.062500000000001,4.960569e-06,0.0
-6.052500000000001,4.807785e-06,0.0
-6.0425,4.117433e-06,0.0
-6.032500000000001,3.697153e-06,0.0
-6.022500000000001,3.845722e-06,0.0
-6.012500000000001,3.802862e-06,0.0
-6.002500000000001,3.283388e-06,0.0
-5.992500000000001,2.79863e-06,0.0
-5.982500000000001,2.752966e-06,0.0
-5.972500000000001,2.825965e-06,0.0
-5.962500000000001,2.55919e-06,0.0
-5.952500000000001,2.121937e-06,0.0
-5.942500000000001,1.812143e-06,0.0
-5.932500000000001,1.65607e-06,0.0
-5.922500000000001,1.490936e-06,0.0
-5.9125000000000005,1.287209e-06,0.0
-5.902500000000001,1.116441e-06,0.0
-5.892500000000001,1.048962e-06,0.0
-5.882500000000001,1.023604e-06,0.0
-5.8725000000000005,1.010998e-06,0.0
-5.862500000000001,1.013625e-06,0.0
-5.852500000000001,9.964727e-07,0.0
-5.842500000000001,9.956836e-07,0.0
-5.8325000000000005,1.006855e-06,0.0
-5.822500000000001,9.949079e-07,0.0
-5.812500000000001,9.773102e-07,0.0
-5.802500000000001,9.913723e-07,0.0
-5.7925,9.817727e-07,0.0
-5.782500000000001,9.931595e-07,0.0
-5.772500000000001,9.8256e-07,0.0
-5.762500000000001,9.806678e-07,0.0
-5.7525,9.852222e-07,0.0
-5.742500000000001,9.775206e-07,0.0
-5.732500000000001,9.802778e-07,0.0
-5.722500000000001,9.770235e-07,0.0
-5.712500000000001,9.797777e-07,0.0
-5.702500000000001,9.835595e-07,0.0
-5.692500000000001,9.767875e-07,0.0
-5.682500000000001,9.780068e-07,0.0
-5.672500000000001,9.8109e-07,0.0
-5.6625000000000005,9.798572e-07,0.0
-5.652500000000001,9.776747e-07,0.0
-5.642500000000001,9.797752e-07,0.0
-5.632500000000001,9.825408e-07,0.0
-5.6225000000000005,9.803638e-07,0.0
-5.612500000000001,9.819255e-07,0.0
-5.602500000000001,9.718746e-07,0.0
-5.592500000000001,9.81885e-07,0.0
-5.5825000000000005,9.741344e-07,0.0
-5.572500000000001,9.858612e-07,0.0
-5.562500000000001,9.707778e-07,0.0
-5.552500000000001,9.906677e-07,0.0
-5.5425,9.731978e-07,0.0
-5.535000000000001,9.720236e-07,0.0
-5.525,9.838068e-07,0.0
-5.515000000000001,9.849448e-07,0.0
-5.5025,9.894405e-07,0.0
-5.492500000000001,9.80736e-07,0.0
-5.482500000000001,9.858617e-07,0.0
-5.472500000000001,9.831101e-07,0.0
-5.465000000000001,9.850947e-07,0.0
-5.455000000000001,9.920708e-07,0.0
-5.445000000000001,9.841116e-07,0.0
-5.4350000000000005,9.879542e-07,0.0
-5.422500000000001,9.913917e-07,0.0
-5.4125000000000005,9.850278e-07,0.0
-5.402500000000001,9.829652e-07,0.0
-5.392500000000001,9.714847e-07,0.0
-5.382500000000001,9.830972e-07,0.0
-5.3725000000000005,9.774132e-07,0.0
-5.362500000000001,9.794056e-07,0.0
-5.352500000000001,9.814836e-07,0.0
-5.342500000000001,9.738336e-07,0.0
-5.3325000000000005,9.655777e-07,0.0
-5.322500000000001,9.729607e-07,0.0
-5.312500000000001,9.649451e-07,0.0
-5.302500000000001,9.612595e-07,0.0
-5.2925,9.623218e-07,0.0
-5.282500000000001,9.487931e-07,0.0
-5.272500000000001,9.411668e-07,0.0
-5.262500000000001,9.398733e-07,0.0
-5.2525,9.350304e-07,0.0
-5.242500000000001,9.31508e-07,0.0
-5.232500000000001,9.258242e-07,0.0
-5.222500000000001,9.202674e-07,0.0
-5.2125,9.112673e-07,0.0
-5.202500000000001,9.054944e-07,0.0
-5.192500000000001,9.082704e-07,0.0
-5.182500000000001,9.039964e-07,0.0
-5.1725,8.962738e-07,0.0
-5.1625000000000005,8.972235e-07,0.0
-5.152500000000001,8.942679e-07,0.0
-5.142500000000001,8.857589e-07,0.0
-5.132500000000001,8.802987e-07,0.0
-5.1225000000000005,8.789659e-07,0.0
-5.112500000000001,8.837163e-07,0.0
-5.102500000000001,8.794008e-07,0.0
-5.092500000000001,8.743074e-07,0.0
-5.0825000000000005,8.794029e-07,0.0
-5.072500000000001,8.733898e-07,0.0
-5.062500000000001,8.776202e-07,0.0
-5.052500000000001,8.739643e-07,0.0
-5.0425,8.701801e-07,0.0
-5.032500000000001,8.736887e-07,0.0
-5.022500000000001,8.763868e-07,0.0
-5.012500000000001,8.757956e-07,0.0
-5.0025,8.713729e-07,0.0
-4.992500000000001,8.711929e-07,0.0
-4.982500000000001,8.772289e-07,0.0
-4.972500000000001,8.727329e-07,0.0
-4.9625,8.746137e-07,0.0
-4.952500000000001,8.70779e-07,0.0
-4.942500000000001,8.72173e-07,0.0
-4.932500000000001,8.622586e-07,0.0
-4.9225,8.703257e-07,0.0
-4.9125000000000005,8.620215e-07,0.0
-4.902500000000001,8.655665e-07,0.0
-4.892500000000001,8.675049e-07,0.0
-4.8825,8.623139e-07,0.0
-4.8725000000000005,8.661531e-07,0.0
-4.862500000000001,8.655095e-07,0.0
-4.852500000000001,8.65538e-07,0.0
-4.8425,8.66749e-07,0.0
-4.8325000000000005,8.664093e-07,0.0
-4.822500000000001,8.536725e-07,0.0
-4.812500000000001,8.629877e-07,0.0
-4.802500000000001,8.642076e-07,0.0
-4.7925,8.650092e-07,0.0
-4.782500000000001,8.676429e-07,0.0
-4.772500000000001,8.650867e-07,0.0
-4.762500000000001,8.5658e-07,0.0
-4.7525,8.692269e-07,0.0
-4.742500000000001,8.55961e-07,0.0
-4.732500000000001,8.658687e-07,0.0
-4.722500000000001,8.728223e-07,0.0
-4.7125,8.648167e-07,0.0
-4.702500000000001,8.623873e-07,0.0
-4.692500000000001,8.579328e-07,0.0
-4.682500000000001,8.66018e-07,0.0
-4.6725,8.570963e-07,0.0
-4.6625000000000005,8.666125e-07,0.0
-4.652500000000001,8.663969e-07,0.0
-4.642500000000001,8.64612e-07,0.0
-4.6325,8.582453e-07,0.0
-4.6225000000000005,8.682682e-07,0.0
-4.612500000000001,8.672204e-07,0.0
-4.602500000000001,8.657404e-07,0.0
-4.5925,8.701547e-07,0.0
-4.5825000000000005,8.659663e-07,0.0
-4.572500000000001,8.617926e-07,0.0
-4.562500000000001,8.73361e-07,0.0
-4.5525,8.728389e-07,0.0
-4.5425,8.672341e-07,0.0
-4.532500000000001,8.718645e-07,0.0
-4.522500000000001,8.687441e-07,0.0
-4.512500000000001,8.644755e-07,0.0
-4.5025,8.723125e-07,0.0
-4.492500000000001,8.701213e-07,0.0
-4.482500000000001,8.732033e-07,0.0
-4.472500000000001,8.672515e-07,0.0
-4.4625,8.665262e-07,0.0
-4.452500000000001,8.618437e-07,0.0
-4.442500000000001,8.717329e-07,0.0
-4.432500000000001,8.662808e-07,0.0
-4.4225,8.793202e-07,0.0
-4.4125000000000005,8.668887e-07,0.0
-4.402500000000001,8.702641e-07,0.0
-4.392500000000001,8.665505e-07,0.0
-4.3825,8.668808e-07,0.0
-4.3725000000000005,8.675044e-07,0.0
-4.362500000000001,8.739745e-07,0.0
-4.352500000000001,8.713189e-07,0.0
-4.3425,8.601339e-07,0.0
-4.3325000000000005,8.685655e-07,0.0
-4.322500000000001,8.70599e-07,0.0
-4.312500000000001,8.631775e-07,0.0
-4.3025,8.631205e-07,0.0
-4.2925,8.738407e-07,0.0
-4.282500000000001,8.627725e-07,0.0
-4.272500000000001,8.719463e-07,0.0
-4.2625,8.66861e-07,0.0
-4.2525,8.740221e-07,0.0
-4.242500000000001,8.708701e-07,0.0
-4.232500000000001,8.721792e-07,0.0
-4.222500000000001,8.708575e-07,0.0
-4.2125,8.772221e-07,0.0
-4.202500000000001,8.772358e-07,0.0
-4.192500000000001,8.751171e-07,0.0
-4.182500000000001,8.768355e-07,0.0
-4.1725,8.691985e-07,0.0
-4.1625000000000005,8.717781e-07,0.0
-4.152500000000001,8.702446e-07,0.0
-4.142500000000001,8.742313e-07,0.0
-4.1325,8.683905e-07,0.0
-4.125000000000001,8.721247e-07,0.0
-4.115,8.741436e-07,0.0
-4.102500000000001,8.703589e-07,0.0
-4.095000000000001,8.724603e-07,0.0
-4.0825000000000005,8.75301e-07,0.0
-4.075,8.774441e-07,0.0
-4.065,8.673483e-07,0.0
-4.0525,8.703015e-07,0.0
-4.045000000000001,8.761094e-07,0.0
-4.032500000000001,8.664003e-07,0.0
-4.022500000000001,8.742417e-07,0.0
-4.0125,8.711919e-07,0.0
-4.005000000000001,8.819194e-07,0.0
-3.9925000000000006,8.833013e-07,0.0
-3.9825000000000004,8.802447e-07,0.0
-3.9725000000000006,8.831684e-07,0.0
-3.9625000000000004,8.755505e-07,0.0
-3.9525000000000006,8.742667e-07,0.0
-3.942500000000001,8.724108e-07,0.0
-3.9325000000000006,8.788879e-07,0.0
-3.9225000000000008,8.689718e-07,0.0
-3.9125000000000005,8.778714e-07,0.0
-3.9025000000000007,8.800538e-07,0.0
-3.8925000000000005,8.84834e-07,0.0
-3.8825000000000007,8.796011e-07,0.0
-3.8725000000000005,8.822404e-07,0.0
-3.8625000000000007,8.822891e-07,0.0
-3.8525000000000005,8.816774e-07,0.0
-3.8425000000000007,8.789924e-07,0.0
-3.8325000000000005,8.870365e-07,0.0
-3.8225000000000007,8.817577e-07,0.0
-3.8125000000000004,8.87712e-07,0.0
-3.8025000000000007,8.689493e-07,0.0
-3.7925000000000004,8.858092e-07,0.0
-3.7825000000000006,8.740525e-07,0.0
-3.7725000000000004,8.841137e-07,0.0
-3.7625000000000006,8.86064e-07,0.0
-3.7525000000000004,8.943864e-07,0.0
-3.7425000000000006,8.943541e-07,0.0
-3.7325000000000004,8.842587e-07,0.0
-3.7225000000000006,8.8766e-07,0.0
-3.7125000000000004,8.8577e-07,0.0
-3.7025000000000006,8.914894e-07,0.0
-3.6925000000000003,8.787217e-07,0.0
-3.6825000000000006,8.92536e-07,0.0
-3.6725000000000003,8.912351e-07,0.0
-3.6625000000000005,8.871606e-07,0.0
-3.6525000000000003,8.890091e-07,0.0
-3.6425000000000005,8.892039e-07,0.0
-3.6325000000000007,9.016449e-07,0.0
-3.6225000000000005,8.971117e-07,0.0
-3.6125000000000007,8.901072e-07,0.0
-3.6025000000000005,8.940345e-07,0.0
-3.5925000000000007,8.955775e-07,0.0
-3.5825000000000005,8.966289e-07,0.0
-3.5725000000000007,8.946182e-07,0.0
-3.5625000000000004,9.005761e-07,0.0
-3.5525000000000007,8.904546e-07,0.0
-3.5425000000000004,8.938637e-07,0.0
-3.5325000000000006,8.972513e-07,0.0
-3.5225000000000004,8.916995e-07,0.0
-3.5125000000000006,9.01743e-07,0.0
-3.5025000000000004,9.014295e-07,0.0
-3.4925000000000006,9.060502e-07,0.0
-3.4825000000000004,8.965688e-07,0.0
-3.4725000000000006,8.961484e-07,0.0
-3.4625000000000004,9.040835e-07,0.0
-3.4525000000000006,8.991011e-07,0.0
-3.4425000000000003,9.072098e-07,0.0
-3.4325000000000006,8.961172e-07,0.0
-3.4225000000000003,9.086392e-07,0.0
-3.4125000000000005,8.987686e-07,0.0
-3.4025000000000003,9.063672e-07,0.0
-3.3925000000000005,9.00554e-07,0.0
-3.3825000000000003,8.971506e-07,0.0
-3.3725000000000005,9.02653e-07,0.0
-3.3625000000000003,9.043309e-07,0.0
-3.3525000000000005,9.079326e-07,0.0
-3.3425000000000007,9.023921e-07,0.0
-3.3325000000000005,9.037224e-07,0.0
-3.3225000000000007,9.031789e-07,0.0
-3.3125000000000004,9.015365e-07,0.0
-3.3025000000000007,9.017477e-07,0.0
-3.2925000000000004,9.042154e-07,0.0
-3.2825000000000006,9.109082e-07,0.0
-3.2725000000000004,9.084058e-07,0.0
-3.2625000000000006,9.066907e-07,0.0
-3.2525000000000004,9.065765e-07,0.0
-3.2425000000000006,9.064104e-07,0.0
-3.2325000000000004,9.10192e-07,0.0
-3.2225000000000006,9.059657e-07,0.0
-3.2125000000000004,9.113117e-07,0.0
-3.2025000000000006,9.134396e-07,0.0
-3.1925000000000003,9.150529e-07,0.0
-3.1825000000000006,9.176088e-07,0.0
-3.1725000000000003,9.104078e-07,0.0
-3.1625000000000005,9.236534e-07,0.0
-3.1525000000000003,9.039178e-07,0.0
-3.1425000000000005,9.108253e-07,0.0
-3.1325000000000003,9.198839e-07,0.0
-3.1225000000000005,9.124192e-07,0.0
-3.1125000000000003,9.156029e-07,0.0
-3.1025000000000005,9.208675e-07,0.0
-3.0925000000000002,9.206429e-07,0.0
-3.0825000000000005,9.199366e-07,0.0
-3.0725000000000002,9.245426e-07,0.0
-3.0625000000000004,9.182494e-07,0.0
-3.0525,9.187324e-07,0.0
-3.0425000000000004,9.11787e-07,0.0
-3.0325000000000006,9.173243e-07,0.0
-3.0225000000000004,9.281746e-07,0.0
-3.0125000000000006,9.279246e-07,0.0
-3.0025000000000004,9.244146e-07,0.0
-2.9925000000000006,9.234452e-07,0.0
-2.9825000000000004,9.248572e-07,0.0
-2.9725000000000006,9.294084e-07,0.0
-2.9625000000000004,9.297355e-07,0.0
-2.9525000000000006,9.316067e-07,0.0
-2.9425000000000003,9.313509e-07,0.0
-2.9325000000000006,9.221343e-07,0.0
-2.9225000000000003,9.361823e-07,0.0
-2.9125000000000005,9.300985e-07,0.0
-2.9025000000000003,9.251212e-07,0.0
-2.8925000000000005,9.265353e-07,0.0
-2.8825000000000003,9.269625e-07,0.0
-2.8725000000000005,9.323508e-07,0.0
-2.8625000000000003,9.301961e-07,0.0
-2.8525000000000005,9.293733e-07,0.0
-2.8425000000000002,9.3005e-07,0.0
-2.8325000000000005,9.280701e-07,0.0
-2.8225000000000002,9.35546e-07,0.0
-2.8125000000000004,9.395324e-07,0.0
-2.8025,9.275463e-07,0.0
-2.7925000000000004,9.420174e-07,0.0
-2.7825,9.421744e-07,0.0
-2.7725000000000004,9.40571e-07,0.0
-2.7625,9.450442e-07,0.0
-2.7525000000000004,9.395435e-07,0.0
-2.7425000000000006,9.43822e-07,0.0
-2.7325000000000004,9.399459e-07,0.0
-2.7225000000000006,9.368562e-07,0.0
-2.7125000000000004,9.400937e-07,0.0
-2.7025000000000006,9.465388e-07,0.0
-2.6925000000000003,9.448146e-07,0.0
-2.6825000000000006,9.452922e-07,0.0
-2.6725000000000003,9.454827e-07,0.0
-2.6625000000000005,9.481967e-07,0.0
-2.6525000000000003,9.518038e-07,0.0
-2.6425000000000005,9.425603e-07,0.0
-2.6325000000000003,9.541086e-07,0.0
-2.6225000000000005,9.613954e-07,0.0
-2.6125000000000003,9.578571e-07,0.0
-2.6025000000000005,9.588981e-07,0.0
-2.5925000000000002,9.584803e-07,0.0
-2.5825000000000005,9.595566e-07,0.0
-2.5725000000000002,9.520134e-07,0.0
-2.5625000000000004,9.576086e-07,0.0
-2.5525,9.642672e-07,0.0
-2.5425000000000004,9.578977e-07,0.0
-2.5325,9.676006e-07,0.0
-2.5225000000000004,9.600045e-07,0.0
-2.5125,9.625941e-07,0.0
-2.5025000000000004,9.724788e-07,0.0
-2.4925,9.694248e-07,0.0
-2.4825000000000004,9.694984e-07,0.0
-2.4725,9.716065e-07,0.0
-2.4625000000000004,9.701366e-07,0.0
-2.4525000000000006,9.67129e-07,0.0
-2.4425000000000003,9.791547e-07,0.0
-2.4325000000000006,9.650303e-07,0.0
-2.4225000000000003,9.80022e-07,0.0
-2.4125000000000005,9.791374e-07,0.0
-2.4025000000000003,9.803935e-07,0.0
-2.3925000000000005,9.819145e-07,0.0
-2.3825000000000003,9.888516e-07,0.0
-2.3725000000000005,9.844368e-07,0.0
-2.3625000000000003,9.831126e-07,0.0
-2.3525000000000005,9.854156e-07,0.0
-2.3425000000000002,9.878609e-07,0.0
-2.3325000000000005,9.984602e-07,0.0
-2.3225000000000002,9.952466e-07,0.0
-2.3125000000000004,1.005155e-06,0.0
-2.3025,9.959534e-07,0.0
-2.2925000000000004,9.896522e-07,0.0
-2.2825,1.001301e-06,0.0
-2.2725000000000004,9.98554e-07,0.0
-2.2625,9.974323e-07,0.0
-2.2525000000000004,1.005509e-06,0.0
-2.2425,1.017317e-06,0.0
-2.2325000000000004,1.01106e-06,0.0
-2.2225,1.010315e-06,0.0
-2.2125000000000004,1.006811e-06,0.0
-2.2025,1.030887e-06,0.0
-2.1925000000000003,1.026656e-06,0.0
-2.1825,1.029928e-06,0.0
-2.1725000000000003,1.036439e-06,0.0
-2.1625,1.04519e-06,0.0
-2.1525000000000003,1.050018e-06,0.0
-2.1425000000000005,1.053528e-06,0.0
-2.1325000000000003,1.06469e-06,0.0
-2.1225000000000005,1.069316e-06,0.0
-2.1125000000000003,1.061777e-06,0.0
-2.1025000000000005,1.088454e-06,0.0
-2.0925000000000002,1.085397e-06,0.0
-2.0825000000000005,1.090025e-06,0.0
-2.0725000000000002,1.099043e-06,0.0
-2.0625000000000004,1.100503e-06,0.0
-2.0525,1.108438e-06,0.0
-2.0425000000000004,1.106447e-06,0.0
-2.0325,1.106406e-06,0.0
-2.0225000000000004,1.109935e-06,0.0
-2.0125,1.123007e-06,0.0
-2.0025000000000004,1.119674e-06,0.0
-1.9925000000000004,1.13368e-06,0.0
-1.9825000000000004,1.127535e-06,0.0
-1.9725000000000004,1.138621e-06,0.0
-1.9625000000000004,1.137952e-06,0.0
-1.9525000000000003,1.133854e-06,0.0
-1.9425000000000003,1.146787e-06,0.0
-1.9325000000000003,1.152214e-06,0.0
-1.9225000000000003,1.151972e-06,0.0
-1.9125000000000003,1.154957e-06,0.0
-1.9025000000000003,1.156573e-06,0.0
-1.8925000000000003,1.164822e-06,0.0
-1.8825000000000003,1.162006e-06,0.0
-1.8725000000000003,1.170509e-06,0.0
-1.8625000000000003,1.173782e-06,0.0
-1.8525000000000003,1.169985e-06,0.0
-1.8425000000000002,1.176999e-06,0.0
-1.8325000000000002,1.179887e-06,0.0
-1.8225000000000002,1.179428e-06,0.0
-1.8125000000000002,1.188026e-06,0.0
-1.8025000000000002,1.196403e-06,0.0
-1.7925000000000002,1.20334e-06,0.0
-1.7825000000000002,1.20421e-06,0.0
-1.7725000000000002,1.20157e-06,0.0
-1.7625000000000002,1.21167e-06,0.0
-1.7525000000000002,1.220774e-06,0.0
-1.7425000000000002,1.231062e-06,0.0
-1.7325000000000002,1.243315e-06,0.0
-1.7225000000000001,1.248504e-06,0.0
-1.7125000000000001,1.255042e-06,0.0
-1.7025000000000003,1.266934e-06,0.0
-1.6925000000000003,1.273901e-06,0.0
-1.6825000000000003,1.278771e-06,0.0
-1.6725000000000003,1.286191e-06,0.0
-1.6625000000000003,1.293524e-06,0.0
-1.6525000000000003,1.285819e-06,0.0
-1.6425000000000003,1.304181e-06,0.0
-1.6325000000000003,1.317426e-06,0.0
-1.6225000000000003,1.329213e-06,0.0
-1.6125000000000003,1.340286e-06,0.0
-1.6025000000000003,1.355753e-06,0.0
-1.5925000000000002,1.354442e-06,0.0
-1.5825000000000002,1.364643e-06,0.0
-1.5725000000000002,1.371424e-06,0.0
-1.5625000000000002,1.391621e-06,0.0
-1.5525000000000002,1.40668e-06,0.0
-1.5425000000000002,1.413535e-06,0.0
-1.5325000000000002,1.432611e-06,0.0
-1.5225000000000002,1.441929e-06,0.0
-1.5125000000000002,1.456008e-06,0.0
-1.5025000000000002,1.471459e-06,0.0
-1.4925000000000002,1.490436e-06,0.0
-1.4825000000000002,1.501698e-06,0.0
-1.4725000000000001,1.515005e-06,0.0
-1.4625000000000001,1.538256e-06,0.0
-1.4525000000000001,1.568552e-06,0.0
-1.4425000000000001,1.590726e-06,0.0
-1.4325,1.607652e-06,0.0
-1.4225,1.637475e-06,0.0
-1.4125000000000003,1.660679e-06,0.0
-1.4025000000000003,1.691382e-06,0.0
-1.3925000000000003,1.73116e-06,0.0
-1.3825000000000003,1.760772e-06,0.0
-1.3725000000000003,1.797381e-06,0.0
-1.3625000000000003,1.851726e-06,0.0
-1.3525000000000003,1.898537e-06,0.0
-1.3425000000000002,1.948724e-06,0.0
-1.3325000000000002,2.012711e-06,0.0
-1.3225000000000002,2.059437e-06,0.0
-1.3125000000000002,2.127871e-06,0.0
-1.3025000000000002,2.181698e-06,0.0
-1.2925000000000002,2.249599e-06,0.0
-1.2825000000000002,2.311529e-06,0.0
-1.2725000000000002,2.437125e-06,0.0
-1.2625000000000002,2.528429e-06,0.0
-1.2525000000000002,2.673377e-06,0.0
-1.2425000000000002,2.78183e-06,0.0
-1.2325000000000002,2.949435e-06,0.0
-1.2225000000000001,3.121209e-06,0.0
-1.2125000000000001,3.331073e-06,0.0
-1.2025000000000001,3.558891e-06,0.0
-1.1925000000000001,3.843302e-06,0.0
-1.1850000000000003,4.163467e-06,0.0
-1.1750000000000003,4.576273e-06,0.0
-1.1650000000000003,5.122101e-06,0.0
-1.1550000000000002,5.803463e-06,0.0
-1.1425,6.635122e-06,0.0
-1.1325,7.730382e-06,0.0
-1.1225,9.183411e-06,0.0
-1.1125000000000003,1.130281e-05,0.0
-1.1025000000000003,1.565618e-05,0.0
-1.0925000000000002,2.716492e-05,0.0
-1.0825000000000002,0.0001200381,0.0
-1.0725000000000002,0.001431006,0.0
-1.0625000000000002,0.004022356,0.0
-1.0525000000000002,0.003121478,0.0
-1.0425000000000002,0.0005044824,0.0
-1.0325000000000002,0.000107417,0.0
-1.0250000000000001,5.693522e-05,0.0
-1.0150000000000001,3.976585e-05,0.0
-1.0050000000000001,4.480489e-05,0.0
-0.9950000000000001,1.279247e-05,0.0
-0.9850000000000001,6.020672e-06,0.0
-0.9750000000000001,4.618312e-06,0.0
-0.9650000000000002,4.055566e-06,0.0
-0.9550000000000002,3.66792e-06,0.0
-0.9450000000000002,3.351283e-06,0.0
-0.9350000000000002,3.092214e-06,0.0
-0.9250000000000002,2.902617e-06,0.0
-0.9125000000000001,2.746859e-06,0.0
-0.9025000000000001,2.601253e-06,0.0
-0.8925000000000002,2.472382e-06,0.0
-0.8825000000000002,2.35364e-06,0.0
-0.8725000000000002,2.241311e-06,0.0
-0.8625000000000002,2.13844e-06,0.0
-0.8525000000000001,2.071088e-06,0.0
-0.8425000000000001,1.994269e-06,0.0
-0.8325000000000001,1.928613e-06,0.0
-0.8225000000000001,1.881988e-06,0.0
-0.8125000000000001,1.84234e-06,0.0
-0.8025000000000001,1.803436e-06,0.0
-0.7950000000000002,1.766589e-06,0.0
-0.7850000000000001,1.732239e-06,0.0
-0.7725000000000001,1.700375e-06,0.0
-0.7650000000000001,1.664715e-06,0.0
-0.7550000000000001,1.638553e-06,0.0
-0.7425000000000002,1.608527e-06,0.0
-0.7350000000000001,1.590239e-06,0.0
-0.7250000000000001,1.56704e-06,0.0
-0.7150000000000001,1.55306e-06,0.0
-0.7050000000000001,1.540318e-06,0.0
-0.6950000000000001,1.516494e-06,0.0
-0.685,1.500575e-06,0.0
-0.675,1.48692e-06,0.0
-0.6650000000000001,1.464425e-06,0.0
-0.6550000000000001,1.458639e-06,0.0
-0.6450000000000001,1.434256e-06,0.0
-0.6350000000000001,1.418565e-06,0.0
-0.6250000000000001,1.407678e-06,0.0
-0.6150000000000001,1.395373e-06,0.0
-0.6050000000000001,1.382624e-06,0.0
-0.5950000000000001,1.378308e-06,0.0
-0.5850000000000001,1.354692e-06,0.0
-0.5750000000000001,1.352861e-06,0.0
-0.5650000000000001,1.330704e-06,0.0
-0.555,1.337936e-06,0.0
-0.545,1.322149e-06,0.0
-0.535,1.314713e-06,0.0
-0.525,1.299497e-06,0.0
-0.5150000000000001,1.281691e-06,0.0
-0.5050000000000001,1.286598e-06,0.0
-0.49500000000000005,1.281132e-06,0.0
-0.48500000000000004,1.264023e-06,0.0
-0.4750000000000001,1.270289e-06,0.0
-0.4625000000000001,1.261267e-06,0.0
-0.45500000000000007,1.251561e-06,0.0
-0.44500000000000006,1.245428e-06,0.0
-0.43500000000000005,1.251094e-06,0.0
-0.42500000000000004,1.25232e-06,0.0
-0.41500000000000004,1.231388e-06,0.0
-0.4050000000000001,1.232169e-06,0.0
-0.3950000000000001,1.219159e-06,0.0
-0.38500000000000006,1.215157e-06,0.0
-0.37500000000000006,1.20191e-06,0.0
-0.36500000000000005,1.200924e-06,0.0
-0.35500000000000004,1.194516e-06,0.0
-0.34500000000000003,1.186293e-06,0.0
-0.335,1.184187e-06,0.0
-0.32500000000000007,1.176727e-06,0.0
-0.31500000000000006,1.173024e-06,0.0
-0.30500000000000005,1.174299e-06,0.0
-0.29500000000000004,1.150478e-06,0.0
-0.28500000000000003,1.15898e-06,0.0
-0.275,1.154549e-06,0.0
-0.265,1.140878e-06,0.0
-0.25500000000000006,1.130986e-06,0.0
-0.24500000000000002,1.125841e-06,0.0
-0.23500000000000004,1.135529e-06,0.0
-0.22500000000000003,1.122839e-06,0.0
-0.21500000000000002,1.122532e-06,0.0
-0.20500000000000002,1.114966e-06,0.0
-0.19500000000000003,1.111609e-06,0.0
-0.18500000000000003,1.107685e-06,0.0
-0.17500000000000002,1.107906e-06,0.0
-0.16500000000000004,1.099868e-06,0.0
-0.15500000000000003,1.102651e-06,0.0
-0.14500000000000002,1.095731e-06,0.0
-0.135,1.092466e-06,0.0
-0.12250000000000001,1.092577e-06,0.0
-0.11500000000000002,1.082604e-06,0.0
-0.10250000000000001,1.093047e-06,0.0
-0.09500000000000001,1.08964e-06,0.0
-0.085,1.090477e-06,0.0
-0.07500000000000001,1.085506e-06,0.0
-0.06500000000000002,1.083341e-06,0.0
-0.05500000000000001,1.074472e-06,0.0
-0.045000000000000005,1.077296e-06,0.0
-0.035,1.083231e-06,0.0
-0.025000000000000005,1.07235e-06,0.0
-0.015000000000000003,1.067782e-06,0.0
-0.005000000000000001,1.052682e-06,0.0
0.005000000000000001,1.057168e-06,0.0
0.015000000000000003,1.051111e-06,0.0
0.025000000000000005,1.052895e-06,0.0
0.037500000000000006,1.049263e-06,0.0
0.045000000000000005,1.044009e-06,0.0
0.05500000000000001,1.046476e-06,0.0
0.06500000000000002,1.031905e-06,0.0
0.07500000000000001,1.058228e-06,0.0
0.085,1.038429e-06,0.0
0.09500000000000001,1.035945e-06,0.0
0.10500000000000001,1.033041e-06,0.0
0.11500000000000002,1.02519e-06,0.0
0.12500000000000003,1.028317e-06,0.0
0.135,1.024404e-06,0.0
0.14500000000000002,1.029016e-06,0.0
0.15500000000000003,1.027561e-06,0.0
0.16500000000000004,1.025593e-06,0.0
0.17500000000000002,1.017654e-06,0.0
0.18500000000000003,1.021426e-06,0.0
0.19500000000000003,1.016986e-06,0.0
0.20500000000000002,1.010564e-06,0.0
0.21500000000000002,1.004725e-06,0.0
0.22500000000000003,1.004982e-06,0.0
0.23500000000000004,1.011492e-06,0.0
0.24500000000000002,1.020249e-06,0.0
0.25500000000000006,1.003196e-06,0.0
0.265,1.001656e-06,0.0
0.275,1.004309e-06,0.0
0.28500000000000003,9.985938e-07,0.0
0.29500000000000004,9.920039e-07,0.0
0.30500000000000005,9.847e-07,0.0
0.31500000000000006,9.95114e-07,0.0
0.32500000000000007,9.857615e-07,0.0
0.335,9.90446e-07,0.0
0.34500000000000003,9.867071e-07,0.0
0.35500000000000004,9.804049e-07,0.0
0.36500000000000005,9.697084e-07,0.0
0.37500000000000006,9.776779e-07,0.0
0.38500000000000006,9.709913e-07,0.0
0.3950000000000001,9.687179e-07,0.0
0.4050000000000001,9.730891e-07,0.0
0.41500000000000004,9.759319e-07,0.0
0.42500000000000004,9.71798e-07,0.0
0.43500000000000005,9.659974e-07,0.0
0.44500000000000006,9.632359e-07,0.0
0.45500000000000007,9.598225e-07,0.0
0.4675000000000001,9.590351e-07,0.0
0.4750000000000001,9.636744e-07,0.0
0.48500000000000004,9.591382e-07,0.0
0.49500000000000005,9.595144e-07,0.0
0.5050000000000001,9.668315e-07,0.0
0.5150000000000001,9.595295e-07,0.0
0.525,9.561926e-07,0.0
0.535,9.515905e-07,0.0
0.545,9.544766e-07,0.0
0.555,9.452443e-07,0.0
0.5650000000000001,9.558123e-07,0.0
0.5750000000000001,9.480813e-07,0.0
0.5850000000000001,9.444181e-07,0.0
0.5950000000000001,9.462354e-07,0.0
0.6075,9.456159e-07,0.0
0.6175,9.418138e-07,0.0
0.6250000000000001,9.410959e-07,0.0
0.6350000000000001,9.388785e-07,0.0
0.6450000000000001,9.398757e-07,0.0
0.6550000000000001,9.396587e-07,0.0
0.6675000000000001,9.433397e-07,0.0
0.675,9.417004e-07,0.0
0.685,9.448736e-07,0.0
0.6950000000000001,9.402368e-07,0.0
0.7050000000000001,9.372538e-07,0.0
0.7150000000000001,9.408101e-07,0.0
0.7250000000000001,9.414366e-07,0.0
0.7350000000000001,9.325623e-07,0.0
0.7450000000000001,9.401819e-07,0.0
0.7550000000000001,9.271686e-07,0.0
0.7650000000000001,9.450342e-07,0.0
0.7750000000000001,9.345595e-07,0.0
0.7850000000000001,9.272017e-07,0.0
0.7950000000000002,9.323474e-07,0.0
0.8050000000000002,9.274836e-07,0.0
0.8150000000000002,9.335913e-07,0.0
0.8250000000000001,9.258516e-07,0.0
0.8350000000000001,9.28172e-07,0.0
0.8450000000000001,9.271254e-07,0.0
0.8550000000000001,9.239919e-07,0.0
0.8650000000000001,9.19454e-07,0.0
0.8750000000000001,9.302237e-07,0.0
0.8850000000000001,9.24771e-07,0.0
0.8950000000000001,9.236514e-07,0.0
0.9050000000000001,9.252994e-07,0.0
0.9150000000000001,9.284613e-07,0.0
0.9250000000000002,9.238728e-07,0.0
0.9350000000000002,9.168263e-07,0.0
0.9450000000000002,9.178401e-07,0.0
0.9550000000000002,9.229871e-07,0.0
0.9650000000000002,9.276928e-07,0.0
0.9750000000000001,9.199779e-07,0.0
0.9850000000000001,9.218397e-07,0.0
0.9950000000000001,9.177187e-07,0.0
1.0050000000000001,9.132976e-07,0.0
1.0150000000000001,9.151351e-07,0.0
1.0250000000000001,9.228065e-07,0.0
1.0350000000000001,9.141172e-07,0.0
1.0450000000000002,9.143688e-07,0.0
1.0550000000000002,9.138914e-07,0.0
1.0650000000000002,9.141402e-07,0.0
1.0750000000000002,9.079016e-07,0.0
1.0850000000000002,9.147887e-07,0.0
1.0950000000000002,9.181542e-07,0.0
1.1050000000000002,9.040529e-07,0.0
1.1150000000000002,9.124826e-07,0.0
1.1175000000000002,9.121537e-07,0.0
1.1350000000000002,9.064574e-07,0.0
1.1450000000000002,9.013497e-07,0.0
1.1550000000000002,9.019857e-07,0.0
1.1650000000000003,9.140125e-07,0.0
1.1750000000000003,9.130924e-07,0.0
1.1850000000000003,8.956117e-07,0.0
1.195,9.053068e-07,0.0
1.205,8.985359e-07,0.0
1.215,8.986012e-07,0.0
1.225,9.037071e-07,0.0
1.235,9.01001e-07,0.0
1.245,9.037113e-07,0.0
1.2550000000000001,8.952402e-07,0.0
1.2650000000000001,9.026484e-07,0.0
1.2750000000000001,8.991242e-07,0.0
1.2850000000000001,8.973354e-07,0.0
1.2950000000000002,8.986673e-07,0.0
1.3050000000000002,8.989595e-07,0.0
1.3150000000000002,8.932845e-07,0.0
1.3250000000000002,8.910552e-07,0.0
1.3350000000000002,8.937836e-07,0.0
1.3450000000000002,8.967193e-07,0.0
1.3550000000000002,8.952856e-07,0.0
1.3650000000000002,8.948988e-07,0.0
1.3750000000000002,9.021134e-07,0.0
1.3850000000000002,8.855311e-07,0.0
1.3950000000000002,8.876053e-07,0.0
1.4050000000000002,8.870792e-07,0.0
1.4150000000000003,8.875581e-07,0.0
1.4250000000000003,8.978133e-07,0.0
1.4350000000000003,8.984304e-07,0.0
1.4450000000000003,8.933533e-07,0.0
1.4550000000000003,8.856039e-07,0.0
1.4650000000000003,8.915446e-07,0.0
1.4750000000000003,8.88956e-07,0.0
1.4850000000000003,8.830859e-07,0.0
1.495,8.88206e-07,0.0
1.5050000000000001,8.892036e-07,0.0
1.5150000000000001,8.813857e-07,0.0
1.5250000000000001,8.851469e-07,0.0
1.5350000000000001,8.844519e-07,0.0
1.5450000000000002,8.822485e-07,0.0
1.5550000000000002,8.833505e-07,0.0
1.5650000000000002,8.794711e-07,0.0
1.5750000000000002,8.896606e-07,0.0
1.5850000000000002,8.900509e-07,0.0
1.5950000000000002,8.802706e-07,0.0
1.6050000000000002,8.832397e-07,0.0
1.6150000000000002,8.766372e-07,0.0
1.6250000000000002,8.884311e-07,0.0
1.6350000000000002,8.869084e-07,0.0
1.6450000000000002,8.899655e-07,0.0
1.6550000000000002,8.910988e-07,0.0
1.6650000000000003,8.772928e-07,0.0
1.6750000000000003,8.888238e-07,0.0
1.6775000000000002,8.816381e-07,0.0
1.6800000000000002,8.856233e-07,0.0
1.6775000000000002,8.775583e-07,0.0
1.6775000000000002,8.764723e-07,0.0
1.6800000000000002,8.845741e-07,0.0
1.6775000000000002,8.803013e-07,0.0
1.6775000000000002,8.837388e-07,0.0
1.6800000000000002,8.872976e-07,0.0
1.7375000000000003,8.729654e-07,0.0
1.7750000000000004,8.838666e-07,0.0
1.7850000000000004,8.804223e-07,0.0
1.7950000000000002,8.839136e-07,0.0
1.8050000000000002,8.839586e-07,0.0
1.8150000000000002,8.728535e-07,0.0
1.8250000000000002,8.812455e-07,0.0
1.8350000000000002,8.71853e-07,0.0
1.8450000000000002,8.778835e-07,0.0
1.8550000000000002,8.692351e-07,0.0
1.8650000000000002,8.837418e-07,0.0
1.8750000000000002,8.701439e-07,0.0
1.8850000000000002,8.707642e-07,0.0
1.8925000000000003,8.848476e-07,0.0
1.8950000000000002,8.821228e-07,0.0
1.9050000000000002,8.742818e-07,0.0
1.9075000000000002,8.762529e-07,0.0
1.9200000000000004,8.803087e-07,0.0
1.9200000000000004,8.729332e-07,0.0
1.9325000000000003,8.720048e-07,0.0
1.9350000000000003,8.719715e-07,0.0
1.9525000000000003,8.699164e-07,0.0
1.9525000000000003,8.725227e-07,0.0
1.9775000000000003,8.681137e-07,0.0
1.9850000000000003,8.751326e-07,0.0
1.9950000000000003,8.757341e-07,0.0
2.0050000000000003,8.716603e-07,0.0
2.0275000000000003,8.707303e-07,0.0
2.0300000000000002,8.681747e-07,0.0
2.055,8.73608e-07,0.0
2.0650000000000004,8.690779e-07,0.0
2.075,8.828911e-07,0.0
2.0850000000000004,8.667037e-07,0.0
2.095,8.765264e-07,0.0
2.1050000000000004,8.715082e-07,0.0
2.1125000000000003,8.716256e-07,0.0
2.115,8.741783e-07,0.0
2.1175,8.64477e-07,0.0
2.12,8.691039e-07,0.0
2.1300000000000003,8.667718e-07,0.0
2.1300000000000003,8.745236e-07,0.0
2.1725000000000003,8.663482e-07,0.0
2.1750000000000003,8.725719e-07,0.0
2.1875000000000004,8.673974e-07,0.0
2.1900000000000004,8.733192e-07,0.0
2.1950000000000003,8.747405e-07,0.0
2.1950000000000003,8.719377e-07,0.0
2.2025,8.689648e-07,0.0
2.2050000000000005,8.687031e-07,0.0
2.2175000000000002,8.744865e-07,0.0
2.2225,8.68885e-07,0.0
2.2325000000000004,8.7034e-07,0.0
2.2375000000000003,8.656316e-07,0.0
2.2525000000000004,8.721759e-07,0.0
2.2550000000000003,8.672637e-07,0.0
2.2700000000000005,8.710113e-07,0.0
2.2750000000000004,8.662995e-07,0.0
2.325,8.695386e-07,0.0
2.3425000000000002,8.681259e-07,0.0
2.3550000000000004,8.693225e-07,0.0
2.365,8.637019e-07,0.0
2.3750000000000004,8.680757e-07,0.0
2.3850000000000002,8.693372e-07,0.0
2.3950000000000005,8.729287e-07,0.0
2.4050000000000002,8.693564e-07,0.0
2.4150000000000005,8.718416e-07,0.0
2.4250000000000003,8.640995e-07,0.0
2.4350000000000005,8.706037e-07,0.0
2.4450000000000003,8.658711e-07,0.0
2.4550000000000005,8.649998e-07,0.0
2.4650000000000003,8.613055e-07,0.0
2.4750000000000005,8.666236e-07,0.0
2.4850000000000003,8.634131e-07,0.0
2.4950000000000006,8.708837e-07,0.0
2.5050000000000003,8.670587e-07,0.0
2.5150000000000006,8.680327e-07,0.0
2.5250000000000004,8.649232e-07,0.0
2.535,8.674867e-07,0.0
2.5450000000000004,8.695501e-07,0.0
2.555,8.67269e-07,0.0
2.5650000000000004,8.6828e-07,0.0
2.575,8.697373e-07,0.0
2.5850000000000004,8.646116e-07,0.0
2.595,8.660066e-07,0.0
2.6050000000000004,8.696468e-07,0.0
2.615,8.77304e-07,0.0
2.6250000000000004,8.752421e-07,0.0
2.6350000000000002,8.739343e-07,0.0
2.6450000000000005,8.758192e-07,0.0
2.6550000000000002,8.812584e-07,0.0
2.6650000000000005,8.818607e-07,0.0
2.6750000000000003,8.775036e-07,0.0
2.6850000000000005,8.94323e-07,0.0
2.6950000000000003,8.870886e-07,0.0
2.7050000000000005,8.905906e-07,0.0
2.7150000000000003,8.842891e-07,0.0
2.7250000000000005,9.034051e-07,0.0
2.7350000000000003,8.945694e-07,0.0
2.7450000000000006,8.971292e-07,0.0
2.7550000000000003,9.002304e-07,0.0
2.7650000000000006,9.017167e-07,0.0
2.7750000000000004,9.029849e-07,0.0
2.7850000000000006,9.059324e-07,0.0
2.7950000000000004,9.104714e-07,0.0
2.8050000000000006,9.05898e-07,0.0
2.8150000000000004,9.012713e-07,0.0
2.8250000000000006,8.918755e-07,0.0
2.8350000000000004,8.829425e-07,0.0
2.845,8.789983e-07,0.0
2.8550000000000004,8.770754e-07,0.0
2.865,8.762874e-07,0.0
2.8750000000000004,8.754461e-07,0.0
2.8850000000000002,8.726322e-07,0.0
2.8950000000000005,8.793529e-07,0.0
2.9050000000000002,8.791341e-07,0.0
2.9150000000000005,8.788011e-07,0.0
2.9250000000000003,8.703565e-07,0.0
2.9350000000000005,8.829662e-07,0.0
2.9450000000000003,8.694456e-07,0.0
2.9550000000000005,8.747604e-07,0.0
2.9650000000000003,8.780493e-07,0.0
2.9750000000000005,8.820768e-07,0.0
2.9850000000000003,8.743389e-07,0.0
2.9950000000000006,8.769036e-07,0.0
3.0050000000000003,8.73275e-07,0.0
3.0150000000000006,8.823062e-07,0.0
3.0250000000000004,8.79704e-07,0.0
3.0350000000000006,8.847211e-07,0.0
3.0450000000000004,8.894048e-07,0.0
3.0550000000000006,8.813033e-07,0.0
3.0650000000000004,8.902151e-07,0.0
3.0750000000000006,8.905396e-07,0.0
3.0850000000000004,8.913049e-07,0.0
3.0950000000000006,9.089636e-07,0.0
3.1050000000000004,9.062812e-07,0.0
3.1150000000000007,9.106132e-07,0.0
3.1250000000000004,9.179067e-07,0.0
3.1350000000000002,9.26142e-07,0.0
3.1450000000000005,9.342458e-07,0.0
3.1575000000000006,9.402163e-07,0.0
3.1650000000000005,9.543942e-07,0.0
3.1775000000000007,9.612249e-07,0.0
3.1875000000000004,9.545126e-07,0.0
3.1950000000000003,9.780135e-07,0.0
3.2050000000000005,9.769547e-07,0.0
3.2150000000000003,9.776228e-07,0.0
3.2250000000000005,9.734183e-07,0.0
3.2350000000000003,1.003652e-06,0.0
3.2450000000000006,1.001792e-06,0.0
3.2550000000000003,1.014139e-06,0.0
3.2650000000000006,1.007673e-06,0.0
3.2750000000000004,1.010118e-06,0.0
3.2850000000000006,1.018654e-06,0.0
3.2950000000000004,1.017427e-06,0.0
3.3050000000000006,1.01972e-06,0.0
3.3150000000000004,1.023042e-06,0.0
3.3250000000000006,1.026477e-06,0.0
3.3350000000000004,1.028929e-06,0.0
3.3450000000000006,1.025468e-06,0.0
3.3550000000000004,1.027463e-06,0.0
3.3650000000000007,1.036743e-06,0.0
3.3750000000000004,1.03378e-06,0.0
3.3850000000000007,1.042131e-06,0.0
3.3950000000000005,1.040769e-06,0.0
3.4050000000000007,1.0416e-06,0.0
3.4150000000000005,1.037702e-06,0.0
3.4250000000000003,1.043289e-06,0.0
3.4375000000000004,1.04025e-06,0.0
3.4475000000000007,1.05286e-06,0.0
3.4550000000000005,1.059423e-06,0.0
3.4675000000000007,1.040081e-06,0.0
3.4775000000000005,1.055441e-06,0.0
3.4875000000000007,1.053303e-06,0.0
3.4975000000000005,1.064842e-06,0.0
3.5075000000000003,1.063343e-06,0.0
3.5175000000000005,1.062678e-06,0.0
3.5275000000000003,1.057604e-06,0.0
3.5375000000000005,1.064611e-06,0.0
3.5475000000000003,1.066739e-06,0.0
3.5575000000000006,1.061145e-06,0.0
3.5675000000000003,1.062875e-06,0.0
3.5775000000000006,1.065672e-06,0.0
3.5875000000000004,1.068864e-06,0.0
3.5975000000000006,1.074061e-06,0.0
3.6075000000000004,1.065661e-06,0.0
3.6175000000000006,1.069757e-06,0.0
3.6275000000000004,1.066843e-06,0.0
3.6375000000000006,1.07281e-06,0.0
3.6475000000000004,1.069331e-06,0.0
3.6575000000000006,1.069694e-06,0.0
3.6675000000000004,1.066595e-06,0.0
3.6775000000000007,1.070767e-06,0.0
3.6875000000000004,1.074073e-06,0.0
3.6975000000000007,1.073141e-06,0.0
3.7075000000000005,1.072586e-06,0.0
3.7175000000000007,1.085005e-06,0.0
3.7275000000000005,1.076442e-06,0.0
3.7375000000000007,1.085302e-06,0.0
3.7475000000000005,1.089544e-06,0.0
3.7575000000000007,1.146339e-06,0.0
3.7675000000000005,1.339926e-06,0.0
3.7775000000000007,1.633243e-06,0.0
3.7875000000000005,1.846004e-06,0.0
3.7975000000000003,1.993742e-06,0.0
3.8075000000000006,2.322326e-06,0.0
3.8175000000000003,3.076355e-06,0.0
3.8275000000000006,3.468061e-06,0.0
3.8375000000000004,3.206741e-06,0.0
3.8475000000000006,3.104904e-06,0.0
3.8575000000000004,3.966836e-06,0.0
3.8675000000000006,4.827029e-06,0.0
3.8775000000000004,4.607416e-06,0.0
3.8875000000000006,4.149826e-06,0.0
3.8975000000000004,4.706827e-06,0.0
3.9075000000000006,5.908498e-06,0.0
3.9175000000000004,5.9179e-06,0.0
3.9275000000000007,5.404981e-06,0.0
3.9375000000000004,6.194575e-06,0.0
3.9475000000000007,7.118316e-06,0.0
3.9575000000000005,6.121438e-06,0.0
3.9675000000000007,5.786689e-06,0.0
3.9775000000000005,6.679412e-06,0.0
3.9875000000000007,7.219886e-06,0.0
3.9975000000000005,7.568845e-06,0.0
4.0075,1.496176e-05,0.0
4.017500000000001,2.26791e-05,0.0
4.027500000000001,1.344621e-05,0.0
4.0375000000000005,8.493535e-06,0.0
4.0475,8.027603e-06,0.0
4.057500000000001,7.883281e-06,0.0
4.067500000000001,1.011835e-05,0.0
4.077500000000001,1.148345e-05,0.0
4.0875,1.039806e-05,0.0
4.0975,1.075493e-05,0.0
4.107500000000001,1.284653e-05,0.0
4.117500000000001,1.337707e-05,0.0
4.1275,1.509614e-05,0.0
4.1375,1.771218e-05,0.0
4.147500000000001,1.800469e-05,0.0
4.157500000000001,1.860247e-05,0.0
4.1675,1.849483e-05,0.0
4.1775,1.891472e-05,0.0
4.187500000000001,1.961953e-05,0.0
4.197500000000001,2.183198e-05,0.0
4.2075000000000005,2.472945e-05,0.0
4.2175,2.280249e-05,0.0
4.227500000000001,1.700531e-05,0.0
4.237500000000001,1.302153e-05,0.0
4.2475000000000005,1.164996e-05,0.0
4.2575,1.106402e-05,0.0
4.267500000000001,1.12494e-05,0.0
4.277500000000001,1.157723e-05,0.0
4.2875000000000005,1.031855e-05,0.0
4.2975,7.688956e-06,0.0
4.307500000000001,6.446189e-06,0.0
4.317500000000001,6.662164e-06,0.0
4.327500000000001,7.096341e-06,0.0
4.3375,7.802164e-06,0.0
4.347500000000001,8.757702e-06,0.0
4.357500000000001,1.020743e-05,0.0
4.367500000000001,1.154619e-05,0.0
4.3775,1.362851e-05,0.0
4.385000000000001,1.485023e-05,0.0
4.3950000000000005,1.544265e-05,0.0
4.405,1.547107e-05,0.0
4.415000000000001,1.519725e-05,0.0
4.425000000000001,1.556955e-05,0.0
4.4350000000000005,1.584719e-05,0.0
4.447500000000001,1.440803e-05,0.0
4.455000000000001,1.395181e-05,0.0
4.4675,1.391295e-05,0.0
4.477500000000001,1.298114e-05,0.0
4.487500000000001,1.184215e-05,0.0
4.4975000000000005,1.105572e-05,0.0
4.5075,1.063463e-05,0.0
4.517500000000001,1.00612e-05,0.0
4.527500000000001,9.316579e-06,0.0
4.5375000000000005,8.773679e-06,0.0
4.545000000000001,9.384656e-06,0.0
4.557500000000001,1.182921e-05,0.0
4.567500000000001,1.295632e-05,0.0
4.577500000000001,1.251003e-05,0.0
4.5875,1.296401e-05,0.0
4.597500000000001,1.309721e-05,0.0
4.607500000000001,1.289907e-05,0.0
4.617500000000001,1.327707e-05,0.0
4.6275,1.336059e-05,0.0
4.637500000000001,1.339219e-05,0.0
4.647500000000001,1.420616e-05,0.0
4.657500000000001,1.427061e-05,0.0
4.6675,1.455345e-05,0.0
4.677500000000001,1.469479e-05,0.0
4.687500000000001,1.437196e-05,0.0
4.697500000000001,1.48429e-05,0.0
4.7075000000000005,1.51392e-05,0.0
4.7175,1.559673e-05,0.0
4.727500000000001,1.617723e-05,0.0
4.737500000000001,1.79647e-05,0.0
4.7475000000000005,1.825161e-05,0.0
4.7575,1.8079e-05,0.0
4.767500000000001,1.867621e-05,0.0
4.777500000000001,1.809198e-05,0.0
4.7875000000000005,1.695843e-05,0.0
4.7975,1.522084e-05,0.0
4.807500000000001,1.338363e-05,0.0
4.817500000000001,1.235784e-05,0.0
4.827500000000001,1.255432e-05,0.0
4.8375,1.398415e-05,0.0
4.847500000000001,1.498521e-05,0.0
4.857500000000001,1.62405e-05,0.0
4.867500000000001,1.743538e-05,0.0
4.8775,1.79903e-05,0.0
4.887500000000001,1.907632e-05,0.0
4.897500000000001,1.946807e-05,0.0
4.907500000000001,1.830609e-05,0.0
4.9175,1.730549e-05,0.0
4.927500000000001,1.667683e-05,0.0
4.937500000000001,1.533052e-05,0.0
4.947500000000001,1.531199e-05,0.0
4.9575000000000005,1.872889e-05,0.0
4.967500000000001,2.284527e-05,0.0
4.977500000000001,2.220716e-05,0.0
4.987500000000001,1.939806e-05,0.0
4.9975000000000005,1.724964e-05,0.0
5.0075,1.756625e-05,0.0
5.017500000000001,2.056538e-05,0.0
5.027500000000001,2.342303e-05,0.0
5.0375000000000005,2.427379e-05,0.0
5.0475,2.280563e-05,0.0
5.057500000000001,2.04036e-05,0.0
5.067500000000001,1.949012e-05,0.0
5.077500000000001,1.905394e-05,0.0
5.0875,1.723163e-05,0.0
5.097500000000001,1.739197e-05,0.0
5.107500000000001,2.234353e-05,0.0
5.117500000000001,2.663097e-05,0.0
5.1275,2.526697e-05,0.0
5.137500000000001,2.414372e-05,0.0
5.147500000000001,2.302781e-05,0.0
5.157500000000001,2.21005e-05,0.0
5.1675,2.220556e-05,0.0
5.177500000000001,2.371721e-05,0.0
5.187500000000001,2.774001e-05,0.0
5.197500000000001,2.994612e-05,0.0
5.2075000000000005,2.785672e-05,0.0
5.217500000000001,2.479327e-05,0.0
5.227500000000001,2.231654e-05,0.0
5.237500000000001,2.22622e-05,0.0
5.2475000000000005,2.338609e-05,0.0
5.255000000000001,2.29568e-05,0.0
5.265000000000001,2.413694e-05,0.0
5.275,2.826233e-05,0.0
5.285000000000001,3.198727e-05,0.0
5.295000000000001,3.250437e-05,0.0
5.305000000000001,3.140772e-05,0.0
5.315,2.775476e-05,0.0
5.327500000000001,2.473064e-05,0.0
5.3375,2.700025e-05,0.0
5.347500000000001,3.125172e-05,0.0
5.357500000000001,3.284723e-05,0.0
5.367500000000001,3.1204e-05,0.0
5.3775,2.859548e-05,0.0
5.387500000000001,2.439079e-05,0.0
5.397500000000001,2.23981e-05,0.0
5.407500000000001,2.467081e-05,0.0
5.4175,2.665398e-05,0.0
5.427500000000001,2.896186e-05,0.0
5.437500000000001,3.445993e-05,0.0
5.447500000000001,4.418923e-05,0.0
5.4575000000000005,5.391904e-05,0.0
5.467500000000001,5.455496e-05,0.0
5.477500000000001,5.319411e-05,0.0
5.487500000000001,5.368855e-05,0.0
5.4975000000000005,5.340572e-05,0.0
5.507500000000001,4.884953e-05,0.0
5.517500000000001,4.455899e-05,0.0
5.527500000000001,4.717713e-05,0.0
5.5375000000000005,4.810732e-05,0.0
5.547500000000001,4.983926e-05,0.0
5.557500000000001,5.962463e-05,0.0
5.567500000000001,7.65752e-05,0.0
5.577500000000001,9.496438e-05,0.0
5.5875,0.000102587,0.0
5.597500000000001,9.795926e-05,0.0
5.607500000000001,9.191351e-05,0.0
5.617500000000001,8.100238e-05,0.0
5.6275,7.248189e-05,0.0
5.637500000000001,6.803349e-05,0.0
5.647500000000001,6.573947e-05,0.0
5.657500000000001,7.538377e-05,0.0
5.6675,9.487791e-05,0.0
5.677500000000001,0.0001114738,0.0
5.687500000000001,0.0001086567,0.0
5.697500000000001,8.803184e-05,0.0
5.7075000000000005,6.42175e-05,0.0
5.717500000000001,4.826649e-05,0.0
5.727500000000001,4.322618e-05,0.0
5.735000000000001,3.902874e-05,0.0
5.745000000000001,3.697904e-05,0.0
5.755000000000001,4.017453e-05,0.0
5.765000000000001,4.242463e-05,0.0
5.775000000000001,3.959169e-05,0.0
5.785000000000001,3.140367e-05,0.0
5.797500000000001,2.356522e-05,0.0
5.807500000000001,1.813873e-05,0.0
5.817500000000001,1.540855e-05,0.0
5.827500000000001,1.470111e-05,0.0
5.837500000000001,1.459344e-05,0.0
5.847500000000001,1.402982e-05,0.0
5.857500000000001,1.276832e-05,0.0
5.867500000000001,1.181126e-05,0.0
5.877500000000001,1.131136e-05,0.0
5.887500000000001,1.060363e-05,0.0
5.897500000000001,9.664032e-06,0.0
5.907500000000001,8.963742e-06,0.0
5.9175,8.547113e-06,0.0
5.927500000000001,8.190456e-06,0.0
5.937500000000001,7.868567e-06,0.0
5.947500000000001,7.58548e-06,0.0
5.9575000000000005,7.388235e-06,0.0
5.967500000000001,7.243867e-06,0.0
5.977500000000001,7.06526e-06,0.0
5.987500000000001,6.843863e-06,0.0
5.9975000000000005,6.669633e-06,0.0
6.007500000000001,6.534414e-06,0.0
6.017500000000001,6.435505e-06,0.0
6.027500000000001,6.31972e-06,0.0
6.0375000000000005,6.244361e-06,0.0
6.047500000000001,6.190815e-06,0.0
6.057500000000001,6.117981e-06,0.0
6.067500000000001,6.069225e-06,0.0
6.077500000000001,6.029888e-06,0.0
6.087500000000001,5.971393e-06,0.0
6.097500000000001,5.961468e-06,0.0
6.107500000000001,5.907294e-06,0.0
6.117500000000001,5.887881e-06,0.0
6.127500000000001,5.887495e-06,0.0
6.137500000000001,5.880365e-06,0.0
6.147500000000001,5.853972e-06,0.0
6.157500000000001,5.841114e-06,0.0
6.167500000000001,5.849085e-06,0.0
6.177500000000001,5.845538e-06,0.0
6.187500000000001,5.867123e-06,0.0
6.197500000000001,5.871746e-06,0.0
6.2075000000000005,5.845385e-06,0.0
6.217500000000001,5.870942e-06,0.0
6.227500000000001,5.886192e-06,0.0
6.237500000000001,5.873267e-06,0.0
6.2475000000000005,5.877041e-06,0.0
6.257500000000001,5.870046e-06,0.0
6.267500000000001,5.908776e-06,0.0
6.277500000000001,5.931198e-06,0.0
6.2875000000000005,5.946501e-06,0.0
6.297500000000001,5.955547e-06,0.0
6.307500000000001,5.949075e-06,0.0
6.317500000000001,5.99161e-06,0.0
6.327500000000001,5.984665e-06,0.0
6.337500000000001,6.023069e-06,0.0
6.347500000000001,6.054773e-06,0.0
6.357500000000001,6.032403e-06,0.0
6.367500000000001,6.082172e-06,0.0
6.377500000000001,6.101705e-06,0.0
6.387500000000001,6.124659e-06,0.0
6.397500000000001,6.107871e-06,0.0
6.407500000000001,6.146498e-06,0.0
6.417500000000001,6.149847e-06,0.0
6.427500000000001,6.164177e-06,0.0
6.437500000000001,6.183175e-06,0.0
6.447500000000001,6.197052e-06,0.0
6.457500000000001,6.193771e-06,0.0
6.467500000000001,6.217755e-06,0.0
6.477500000000001,6.237658e-06,0.0
6.487500000000001,6.222363e-06,0.0
6.4975000000000005,6.264176e-06,0.0
6.507500000000001,6.276925e-06,0.0
6.517500000000001,6.27607e-06,0.0
6.527500000000001,6.273518e-06,0.0
6.5375000000000005,6.296479e-06,0.0
6.547500000000001,6.30569e-06,0.0
6.557500000000001,6.318532e-06,0.0
6.567500000000001,6.314704e-06,0.0
6.577500000000001,6.318793e-06,0.0
6.587500000000001,6.326845e-06,0.0
6.597500000000001,6.349634e-06,0.0
6.607500000000001,6.361407e-06,0.0
6.617500000000001,6.342195e-06,0.0
6.627500000000001,6.356111e-06,0.0
6.637500000000001,6.360927e-06,0.0
6.647500000000001,6.365966e-06,0.0
6.657500000000001,6.362575e-06,0.0
6.667500000000001,6.36548e-06,0.0
6.677500000000001,6.380271e-06,0.0
6.687500000000001,6.364574e-06,0.0
6.697500000000001,6.377694e-06,0.0
6.707500000000001,6.368716e-06,0.0
6.717500000000001,6.386866e-06,0.0
6.727500000000001,6.366125e-06,0.0
6.737500000000001,6.404477e-06,0.0
6.747500000000001,6.384356e-06,0.0
6.757500000000001,6.400804e-06,0.0
6.767500000000001,6.378607e-06,0.0
6.777500000000001,6.385567e-06,0.0
6.7875000000000005,6.35334e-06,0.0
6.797500000000001,6.368315e-06,0.0
6.807500000000001,6.345388e-06,0.0
6.817500000000001,6.34776e-06,0.0
6.827500000000001,6.337641e-06,0.0
6.837500000000001,6.345777e-06,0.0
6.847500000000001,6.331803e-06,0.0
6.857500000000001,6.309105e-06,0.0
6.867500000000001,6.326101e-06,0.0
6.877500000000001,6.314066e-06,0.0
6.887500000000001,6.329013e-06,0.0
6.897500000000001,6.312629e-06,0.0
6.907500000000001,6.274421e-06,0.0
6.917500000000001,6.301414e-06,0.0
6.927500000000001,6.252569e-06,0.0
6.937500000000001,6.267365e-06,0.0
6.947500000000001,6.25992e-06,0.0
6.957500000000001,6.24316e-06,0.0
6.967500000000001,6.23765e-06,0.0
6.975000000000001,6.215098e-06,0.0
6.985000000000001,6.228895e-06,0.0
6.995000000000001,6.209752e-06,0.0
7.005000000000001,6.19063e-06,0.0
7.015000000000001,6.194927e-06,0.0
7.027500000000001,6.183954e-06,0.0
7.037500000000001,6.132512e-06,0.0
7.047500000000001,6.144194e-06,0.0
7.057500000000001,6.128792e-06,0.0
7.067500000000001,6.13923e-06,0.0
7.077500000000001,6.114098e-06,0.0
7.087500000000001,6.111394e-06,0.0
7.097500000000001,6.104641e-06,0.0
7.107500000000001,6.071448e-06,0.0
7.117500000000001,6.058391e-06,0.0
7.127500000000001,6.048965e-06,0.0
7.137500000000001,6.02524e-06,0.0
7.147500000000001,6.01494e-06,0.0
7.157500000000001,6.001116e-06,0.0
7.167500000000001,5.992522e-06,0.0
7.177500000000001,5.9689e-06,0.0
7.187500000000001,5.932589e-06,0.0
7.197500000000001,5.937591e-06,0.0
7.207500000000001,5.922473e-06,0.0
7.217500000000001,5.897621e-06,0.0
7.227500000000001,5.894197e-06,0.0
7.237500000000001,5.885811e-06,0.0
7.247500000000001,5.889595e-06,0.0
7.257500000000001,5.848061e-06,0.0
7.267500000000001,5.848229e-06,0.0
7.277500000000001,5.840168e-06,0.0
7.287500000000001,5.829944e-06,0.0
7.297500000000001,5.820059e-06,0.0
7.307500000000001,5.829293e-06,0.0
7.317500000000001,5.812146e-06,0.0
7.3275000000000015,5.77873e-06,0.0
7.337500000000001,5.768124e-06,0.0
7.347500000000001,5.759977e-06,0.0
7.357500000000001,5.750222e-06,0.0
7.367500000000001,5.741687e-06,0.0
7.377500000000001,5.720343e-06,0.0
7.387500000000001,5.719388e-06,0.0
7.397500000000001,5.712174e-06,0.0
7.407500000000001,5.700459e-06,0.0
7.417500000000001,5.693885e-06,0.0
7.427500000000001,5.675164e-06,0.0
7.437500000000001,5.651631e-06,0.0
7.447500000000001,5.666408e-06,0.0
7.457500000000001,5.653467e-06,0.0
7.467500000000001,5.620831e-06,0.0
7.477500000000001,5.642901e-06,0.0
7.487500000000001,5.608936e-06,0.0
7.497500000000001,5.627047e-06,0.0
7.507500000000001,5.602476e-06,0.0
7.517500000000001,5.589317e-06,0.0
7.527500000000001,5.561227e-06,0.0
7.537500000000001,5.569321e-06,0.0
7.547500000000001,5.559178e-06,0.0
7.557500000000001,5.528002e-06,0.0
7.567500000000001,5.531363e-06,0.0
7.5775000000000015,5.48601e-06,0.0
7.587500000000001,5.498642e-06,0.0
7.597500000000001,5.483023e-06,0.0
7.607500000000001,5.457324e-06,0.0
7.6175000000000015,5.451046e-06,0.0
7.627500000000001,5.430849e-06,0.0
7.637500000000001,5.414483e-06,0.0
7.647500000000001,5.397274e-06,0.0
7.6575000000000015,5.397982e-06,0.0
7.667500000000001,5.355406e-06,0.0
7.677500000000001,5.354945e-06,0.0
7.687500000000001,5.320522e-06,0.0
7.697500000000001,5.325978e-06,0.0
7.707500000000001,5.301864e-06,0.0
7.717500000000001,5.284372e-06,0.0
7.727500000000001,5.25046e-06,0.0
7.737500000000001,5.25714e-06,0.0
7.747500000000001,5.207533e-06,0.0
7.757500000000001,5.199106e-06,0.0
7.767500000000001,5.178942e-06,0.0
7.777500000000001,5.149556e-06,0.0
7.787500000000001,5.154955e-06,0.0
7.797500000000001,5.115525e-06,0.0
7.807500000000001,5.071937e-06,0.0
7.817500000000001,5.044507e-06,0.0
7.8275000000000015,5.017924e-06,0.0
7.837500000000001,5.02355e-06,0.0
7.847500000000001,4.984269e-06,0.0
7.857500000000001,4.924168e-06,0.0
7.8675000000000015,4.924485e-06,0.0
7.877500000000001,4.929674e-06,0.0
7.887500000000001,4.868376e-06,0.0
7.897500000000001,4.867314e-06,0.0
7.9075000000000015,4.846705e-06,0.0
7.917500000000001,4.809237e-06,0.0
7.927500000000001,4.767789e-06,0.0
7.937500000000001,4.758077e-06,0.0
7.947500000000002,4.733419e-06,0.0
7.957500000000001,4.697573e-06,0.0
7.965000000000001,4.668741e-06,0.0
7.975000000000001,4.630106e-06,0.0
7.985000000000001,4.627237e-06,0.0
7.995000000000001,4.612844e-06,0.0
8.005,4.581768e-06,0.0
8.015,4.567302e-06,0.0
8.025,4.531019e-06,0.0
8.035000000000002,4.51565e-06,0.0
8.045000000000002,4.482486e-06,0.0
8.055000000000001,4.472683e-06,0.0
8.065000000000001,4.443749e-06,0.0
8.075000000000001,4.408761e-06,0.0
8.085,4.37111e-06,0.0
8.095,4.352576e-06,0.0
8.105,4.350788e-06,0.0
8.115000000000002,4.332755e-06,0.0
8.125000000000002,4.305186e-06,0.0
8.135000000000002,4.26608e-06,0.0
8.145000000000001,4.246805e-06,0.0
8.155000000000001,4.220084e-06,0.0
8.165000000000001,4.204068e-06,0.0
8.175,4.195428e-06,0.0
8.185,4.178009e-06,0.0
8.195,4.157077e-06,0.0
8.205000000000002,4.126846e-06,0.0
8.215000000000002,4.115364e-06,0.0
8.225000000000001,4.076151e-06,0.0
8.235000000000001,4.06038e-06,0.0
8.245000000000001,4.048256e-06,0.0
8.255,4.01168e-06,0.0
8.265,4.002791e-06,0.0
8.275,3.979052e-06,0.0
8.285000000000002,3.984328e-06,0.0
8.295000000000002,3.943733e-06,0.0
8.305000000000001,3.932371e-06,0.0
8.315000000000001,3.938572e-06,0.0
8.325000000000001,3.924758e-06,0.0
8.335,3.900853e-06,0.0
8.345,3.873967e-06,0.0
8.355,3.855683e-06,0.0
8.365000000000002,3.823665e-06,0.0
8.375000000000002,3.829347e-06,0.0
8.385000000000002,3.813794e-06,0.0
8.395000000000001,3.782089e-06,0.0
8.405000000000001,3.776936e-06,0.0
8.415000000000001,3.775693e-06,0.0
8.425,3.717436e-06,0.0
8.435,3.738082e-06,0.0
8.445000000000002,3.73088e-06,0.0
8.455000000000002,3.70926e-06,0.0
8.465000000000002,3.67655e-06,0.0
8.475000000000001,3.673448e-06,0.0
8.485000000000001,3.665915e-06,0.0
8.495000000000001,3.644427e-06,0.0
8.505,3.650359e-06,0.0
8.515,3.631049e-06,0.0
8.525,3.599948e-06,0.0
8.535000000000002,3.602612e-06,0.0
8.545000000000002,3.572617e-06,0.0
8.555000000000001,3.58824e-06,0.0
8.565000000000001,3.563492e-06,0.0
8.5775,3.564738e-06,0.0
8.5875,3.554372e-06,0.0
8.595,3.561666e-06,0.0
8.607500000000002,3.540236e-06,0.0
8.617500000000001,3.525883e-06,0.0
8.627500000000001,3.519374e-06,0.0
8.637500000000001,3.513422e-06,0.0
8.6475,3.514941e-06,0.0
8.6575,3.51241e-06,0.0
8.6675,3.521058e-06,0.0
8.677500000000002,3.495021e-06,0.0
8.687500000000002,3.511124e-06,0.0
8.697500000000002,3.521764e-06,0.0
8.707500000000001,3.50245e-06,0.0
8.717500000000001,3.506179e-06,0.0
8.727500000000001,3.506836e-06,0.0
8.7375,3.513259e-06,0.0
8.7475,3.528004e-06,0.0
8.757500000000002,3.531402e-06,0.0
8.767500000000002,3.520713e-06,0.0
8.777500000000002,3.511532e-06,0.0
8.787500000000001,3.518406e-06,0.0
8.797500000000001,3.508645e-06,0.0
8.807500000000001,3.505319e-06,0.0
8.8175,3.506041e-06,0.0
8.8275,3.495237e-06,0.0
8.837500000000002,3.525776e-06,0.0
8.847500000000002,3.521346e-06,0.0
8.855,3.507954e-06,0.0
8.865000000000002,3.505606e-06,0.0
8.875000000000002,3.493349e-06,0.0
8.885000000000002,3.48256e-06,0.0
8.895000000000001,3.44454e-06,0.0
8.905000000000001,3.460335e-06,0.0
8.915000000000001,3.455829e-06,0.0
8.925,3.455657e-06,0.0
8.935,3.439891e-06,0.0
8.945000000000002,3.426686e-06,0.0
8.955000000000002,3.410077e-06,0.0
8.965000000000002,3.372812e-06,0.0
8.975000000000001,3.363761e-06,0.0
8.9875,3.365803e-06,0.0
8.9975,3.37757e-06,0.0
9.007500000000002,3.339919e-06,0.0
9.017500000000002,3.329307e-06,0.0
9.027500000000002,3.300121e-06,0.0
9.037500000000001,3.283884e-06,0.0
9.047500000000001,3.263807e-06,0.0
9.055000000000001,3.250435e-06,0.0
9.065000000000001,3.230391e-06,0.0
9.075000000000001,3.227721e-06,0.0
9.085,3.210529e-06,0.0
9.095,3.195852e-06,0.0
9.105,3.173843e-06,0.0
9.115000000000002,3.15846e-06,0.0
9.125000000000002,3.182178e-06,0.0
9.135000000000002,3.276488e-06,0.0
9.145000000000001,3.420397e-06,0.0
9.155000000000001,3.304923e-06,0.0
9.165000000000001,3.12665e-06,0.0
9.175,3.04944e-06,0.0
9.187500000000002,3.034289e-06,0.0
9.197500000000002,3.032535e-06,0.0
9.205000000000002,3.004604e-06,0.0
9.217500000000001,2.967452e-06,0.0
9.227500000000001,2.946407e-06,0.0
9.235000000000001,2.920607e-06,0.0
9.245000000000001,2.929105e-06,0.0
9.257500000000002,2.943619e-06,0.0
9.267500000000002,2.934462e-06,0.0
9.277500000000002,2.918492e-06,0.0
9.287500000000001,2.884727e-06,0.0
9.297500000000001,2.845158e-06,0.0
9.307500000000001,2.827157e-06,0.0
9.3175,2.841995e-06,0.0
9.3275,2.856522e-06,0.0
9.337500000000002,2.843452e-06,0.0
9.347500000000002,2.804493e-06,0.0
9.357500000000002,2.795638e-06,0.0
9.367500000000001,2.790075e-06,0.0
9.377500000000001,2.808394e-06,0.0
9.387500000000001,2.798366e-06,0.0
9.3975,2.770253e-06,0.0
9.4075,2.769321e-06,0.0
9.417500000000002,2.75738e-06,0.0
9.427500000000002,2.729586e-06,0.0
9.437500000000002,2.732816e-06,0.0
9.447500000000002,2.709183e-06,0.0
9.457500000000001,2.683698e-06,0.0
9.467500000000001,2.679684e-06,0.0
9.477500000000001,2.67849e-06,0.0
9.4875,2.657897e-06,0.0
9.4975,2.61487e-06,0.0
9.507500000000002,2.62922e-06,0.0
9.517500000000002,2.646538e-06,0.0
9.527500000000002,2.657416e-06,0.0
9.537500000000001,2.650168e-06,0.0
9.547500000000001,2.614927e-06,0.0
9.557500000000001,2.558644e-06,0.0
9.5675,2.520467e-06,0.0
9.5775,2.449534e-06,0.0
9.587500000000002,2.422803e-06,0.0
9.597500000000002,2.40552e-06,0.0
9.607500000000002,2.378108e-06,0.0
9.617500000000001,2.360915e-06,0.0
9.627500000000001,2.346851e-06,0.0
9.637500000000001,2.324477e-06,0.0
9.6475,2.316891e-06,0.0
9.6575,2.293522e-06,0.0
9.667500000000002,2.284075e-06,0.0
9.677500000000002,2.276033e-06,0.0
9.687500000000002,2.2401e-06,0.0
9.697500000000002,2.228863e-06,0.0
9.707500000000001,2.198275e-06,0.0
9.717500000000001,2.151478e-06,0.0
9.727500000000001,2.129552e-06,0.0
9.7375,2.109031e-06,0.0
9.7475,2.09474e-06,0.0
9.757500000000002,2.083168e-06,0.0
9.767500000000002,2.071924e-06,0.0
9.777500000000002,2.06877e-06,0.0
9.787500000000001,2.056707e-06,0.0
9.797500000000001,2.043295e-06,0.0
9.807500000000001,2.027613e-06,0.0
9.8175,2.03727e-06,0.0
9.825000000000001,2.03649e-06,0.0
9.835,2.025485e-06,0.0
9.845,2.019627e-06,0.0
9.855000000000002,2.008152e-06,0.0
9.865000000000002,2.017058e-06,0.0
9.875000000000002,2.029127e-06,0.0
9.885000000000002,2.036522e-06,0.0
9.895000000000001,2.013467e-06,0.0
9.905000000000001,2.017784e-06,0.0
9.915000000000001,2.010942e-06,0.0
9.925,1.995932e-06,0.0
9.935000000000002,1.997074e-06,0.0
9.947500000000002,1.975694e-06,0.0
9.955000000000002,1.974831e-06,0.0
9.967500000000001,1.957065e-06,0.0
9.977500000000001,1.956812e-06,0.0
9.9875,1.951171e-06,0.0
9.997500000000002,1.943786e-06,0.0
10.007500000000002,1.924014e-06,0.0
10.015,1.898885e-06,0.0
10.027500000000002,1.888152e-06,0.0
10.037500000000001,1.878779e-06,0.0
10.047500000000001,1.866248e-06,0.0
10.057500000000001,1.866479e-06,0.0
10.0675,1.845313e-06,0.0
10.0775,1.840628e-06,0.0
10.087500000000002,1.819208e-06,0.0
10.097500000000002,1.800855e-06,0.0
10.107500000000002,1.7979e-06,0.0
10.117500000000001,1.769106e-06,0.0
10.127500000000001,1.765305e-06,0.0
10.137500000000001,1.756593e-06,0.0
10.1475,1.748844e-06,0.0
10.1575,1.732261e-06,0.0
10.167500000000002,1.720128e-06,0.0
10.177500000000002,1.701153e-06,0.0
10.187500000000002,1.685007e-06,0.0
10.197500000000002,1.681052e-06,0.0
10.207500000000001,1.67761e-06,0.0
10.217500000000001,1.676212e-06,0.0
10.227500000000001,1.675326e-06,0.0
10.2375,1.680187e-06,0.0
10.247500000000002,1.686446e-06,0.0
10.257500000000002,1.678102e-06,0.0
10.267500000000002,1.661292e-06,0.0
10.277500000000002,1.65576e-06,0.0
10.287500000000001,1.643494e-06,0.0
10.297500000000001,1.647589e-06,0.0
10.307500000000001,1.6488e-06,0.0
10.3175,1.639791e-06,0.0
10.327500000000002,1.627314e-06,0.0
10.337500000000002,1.617174e-06,0.0
10.347500000000002,1.619528e-06,0.0
10.357500000000002,1.604879e-06,0.0
10.367500000000001,1.600137e-06,0.0
10.375000000000002,1.596422e-06,0.0
10.385000000000002,1.59754e-06,0.0
10.395000000000001,1.591545e-06,0.0
10.405000000000001,1.582258e-06,0.0
10.415000000000001,1.579568e-06,0.0
10.425,1.584149e-06,0.0
10.435000000000002,1.57812e-06,0.0
10.447500000000002,1.567334e-06,0.0
10.457500000000001,1.563232e-06,0.0
10.467500000000001,1.564492e-06,0.0
10.477500000000001,1.571768e-06,0.0
10.4875,1.558058e-06,0.0
10.497500000000002,1.542255e-06,0.0
10.507500000000002,1.549438e-06,0.0
10.517500000000002,1.540947e-06,0.0
10.527500000000002,1.552648e-06,0.0
10.537500000000001,1.541529e-06,0.0
10.547500000000001,1.53768e-06,0.0
10.557500000000001,1.549103e-06,0.0
10.5675,1.546792e-06,0.0
10.577500000000002,1.544201e-06,0.0
10.587500000000002,1.539791e-06,0.0
10.597500000000002,1.549599e-06,0.0
10.607500000000002,1.561462e-06,0.0
10.617500000000001,1.565571e-06,0.0
10.627500000000001,1.563297e-06,0.0
10.637500000000001,1.548152e-06,0.0
10.6475,1.544128e-06,0.0
10.6575,1.556486e-06,0.0
10.667500000000002,1.549175e-06,0.0
10.677500000000002,1.540601e-06,0.0
10.687500000000002,1.544025e-06,0.0
10.697500000000002,1.533462e-06,0.0
10.707500000000001,1.533353e-06,0.0
10.717500000000001,1.515755e-06,0.0
10.727500000000001,1.507334e-06,0.0
10.7375,1.490241e-06,0.0
10.747500000000002,1.477843e-06,0.0
10.757500000000002,1.477439e-06,0.0
10.767500000000002,1.465634e-06,0.0
10.777500000000002,1.463408e-06,0.0
10.787500000000001,1.463171e-06,0.0
10.797500000000001,1.464854e-06,0.0
10.807500000000001,1.466269e-06,0.0
10.8175,1.482015e-06,0.0
10.827500000000002,1.485498e-06,0.0
10.837500000000002,1.483762e-06,0.0
10.847500000000002,1.475877e-06,0.0
10.857500000000002,1.479919e-06,0.0
10.867500000000001,1.495935e-06,0.0
10.877500000000001,1.508876e-06,0.0
10.887500000000001,1.497477e-06,0.0
10.8975,1.49149e-06,0.0
10.907500000000002,1.505204e-06,0.0
10.917500000000002,1.509187e-06,0.0
10.927500000000002,1.513408e-06,0.0
10.937500000000002,1.513851e-06,0.0
10.947500000000002,1.508949e-06,0.0
10.957500000000001,1.505321e-06,0.0
10.967500000000001,1.501198e-06,0.0
10.977500000000001,1.50762e-06,0.0
10.9875,1.497479e-06,0.0
10.997500000000002,1.504711e-06,0.0
11.007500000000002,1.493009e-06,0.0
11.017500000000002,1.496819e-06,0.0
11.027500000000002,1.500682e-06,0.0
11.037500000000001,1.49786e-06,0.0
11.047500000000001,1.524462e-06,0.0
11.057500000000001,1.55666e-06,0.0
11.0675,1.587238e-06,0.0
11.077500000000002,1.603167e-06,0.0
11.087500000000002,1.602409e-06,0.0
11.097500000000002,1.580582e-06,0.0
11.107500000000002,1.579125e-06,0.0
11.117500000000001,1.559319e-06,0.0
11.127500000000001,1.551446e-06,0.0
11.137500000000001,1.540336e-06,0.0
11.1475,1.536471e-06,0.0
11.157500000000002,1.562758e-06,0.0
11.167500000000002,1.564934e-06,0.0
11.177500000000002,1.587575e-06,0.0
11.185000000000002,1.605425e-06,0.0
11.195000000000002,1.620961e-06,0.0
11.205000000000002,1.620435e-06,0.0
11.217500000000001,1.62543e-06,0.0
11.227500000000001,1.619198e-06,0.0
11.2375,1.596148e-06,0.0
11.247500000000002,1.589326e-06,0.0
11.257500000000002,1.575527e-06,0.0
11.267500000000002,1.567663e-06,0.0
11.277500000000002,1.580248e-06,0.0
11.287500000000001,1.567007e-06,0.0
11.297500000000001,1.56003e-06,0.0
11.307500000000001,1.553558e-06,0.0
11.3175,1.552691e-06,0.0
11.327500000000002,1.537901e-06,0.0
11.337500000000002,1.539871e-06,0.0
11.347500000000002,1.552667e-06,0.0
11.357500000000002,1.584083e-06,0.0
11.367500000000001,1.623622e-06,0.0
11.377500000000001,1.642848e-06,0.0
11.387500000000001,1.638178e-06,0.0
11.3975,1.619272e-06,0.0
11.407500000000002,1.613625e-06,0.0
11.417500000000002,1.600419e-06,0.0
11.427500000000002,1.612143e-06,0.0
11.437500000000002,1.597174e-06,0.0
11.447500000000002,1.578681e-06,0.0
11.457500000000001,1.565375e-06,0.0
11.467500000000001,1.566318e-06,0.0
11.477500000000001,1.580438e-06,0.0
11.487500000000002,1.578634e-06,0.0
11.497500000000002,1.571411e-06,0.0
11.507500000000002,1.579605e-06,0.0
11.517500000000002,1.591146e-06,0.0
11.527500000000002,1.627397e-06,0.0
11.537500000000001,1.642549e-06,0.0
11.547500000000001,1.631957e-06,0.0
11.557500000000001,1.617117e-06,0.0
11.5675,1.59971e-06,0.0
11.577500000000002,1.586714e-06,0.0
11.587500000000002,1.573037e-06,0.0
11.597500000000002,1.548511e-06,0.0
11.607500000000002,1.539489e-06,0.0
11.617500000000001,1.53738e-06,0.0
11.627500000000001,1.551448e-06,0.0
11.637500000000001,1.549984e-06,0.0
11.6475,1.55375e-06,0.0
11.657500000000002,1.539738e-06,0.0
11.667500000000002,1.535992e-06,0.0
11.677500000000002,1.523889e-06,0.0
11.687500000000002,1.541949e-06,0.0
11.697500000000002,1.559446e-06,0.0
11.707500000000001,1.588865e-06,0.0
11.717500000000001,1.609999e-06,0.0
11.727500000000001,1.617464e-06,0.0
11.737500000000002,1.605811e-06,0.0
11.747500000000002,1.605165e-06,0.0
11.757500000000002,1.603516e-06,0.0
11.767500000000002,1.596481e-06,0.0
11.777500000000002,1.589571e-06,0.0
11.787500000000001,1.537132e-06,0.0
11.797500000000001,1.520384e-06,0.0
11.807500000000001,1.51042e-06,0.0
11.817500000000003,1.527628e-06,0.0
11.827500000000002,1.537592e-06,0.0
11.837500000000002,1.569119e-06,0.0
11.847500000000002,1.590023e-06,0.0
11.857500000000002,1.607639e-06,0.0
11.867500000000001,1.599916e-06,0.0
11.877500000000001,1.580688e-06,0.0
11.887500000000001,1.577081e-06,0.0
11.8975,1.56031e-06,0.0
11.907500000000002,1.556688e-06,0.0
11.917500000000002,1.52045e-06,0.0
11.927500000000002,1.498547e-06,0.0
11.937500000000002,1.484463e-06,0.0
11.947500000000002,1.471673e-06,0.0
11.957500000000001,1.486838e-06,0.0
11.967500000000001,1.501128e-06,0.0
11.977500000000001,1.507389e-06,0.0
11.987500000000002,1.502015e-06,0.0
11.997500000000002,1.515678e-06,0.0
12.007500000000002,1.533679e-06,0.0
12.017500000000002,1.542667e-06,0.0
12.027500000000002,1.565576e-06,0.0
12.037500000000001,1.598063e-06,0.0
12.047500000000001,1.628463e-06,0.0
12.057500000000001,1.680446e-06,0.0
12.067500000000003,1.73969e-06,0.0
12.077500000000002,1.752404e-06,0.0
12.085,1.749174e-06,0.0
12.097500000000002,1.735748e-06,0.0
12.107500000000002,1.723697e-06,0.0
12.117500000000001,1.718648e-06,0.0
12.127500000000001,1.713294e-06,0.0
12.137500000000001,1.724858e-06,0.0
12.1475,1.731178e-06,0.0
12.157500000000002,1.72686e-06,0.0
12.167500000000002,1.709659e-06,0.0
12.177500000000002,1.674781e-06,0.0
12.187500000000002,1.640143e-06,0.0
12.197500000000002,1.627371e-06,0.0
12.207500000000001,1.645035e-06,0.0
12.217500000000001,1.664518e-06,0.0
12.227500000000001,1.674788e-06,0.0
12.237500000000002,1.663907e-06,0.0
12.247500000000002,1.662871e-06,0.0
12.257500000000002,1.670672e-06,0.0
12.267500000000002,1.709453e-06,0.0
12.277500000000002,1.738754e-06,0.0
12.287500000000001,1.797416e-06,0.0
12.297500000000001,1.880184e-06,0.0
12.307500000000001,1.963573e-06,0.0
12.317500000000003,2.062422e-06,0.0
12.327500000000002,2.157077e-06,0.0
12.337500000000002,2.178592e-06,0.0
12.347500000000002,2.154379e-06,0.0
12.357500000000002,2.095843e-06,0.0
12.367500000000001,2.093455e-06,0.0
12.377500000000001,2.091828e-06,0.0
12.387500000000001,2.02706e-06,0.0
12.397500000000003,1.962725e-06,0.0
12.407500000000002,1.903698e-06,0.0
12.417500000000002,1.883344e-06,0.0
12.427500000000002,1.878161e-06,0.0
12.437500000000002,1.849154e-06,0.0
12.447500000000002,1.81438e-06,0.0
12.457500000000001,1.801056e-06,0.0
12.467500000000001,1.797965e-06,0.0
12.477500000000001,1.84365e-06,0.0
12.487500000000002,1.921982e-06,0.0
12.497500000000002,2.011522e-06,0.0
12.507500000000002,2.08466e-06,0.0
12.517500000000002,2.20759e-06,0.0
12.527500000000002,2.335758e-06,0.0
12.537500000000001,2.304641e-06,0.0
12.547500000000001,2.202681e-06,0.0
12.557500000000001,2.079888e-06,0.0
12.567500000000003,1.953569e-06,0.0
12.577500000000002,1.826958e-06,0.0
12.587500000000002,1.722695e-06,0.0
12.597500000000002,1.644311e-06,0.0
12.607500000000002,1.617733e-06,0.0
12.617500000000001,1.609772e-06,0.0
12.627500000000001,1.600543e-06,0.0
12.637500000000001,1.552402e-06,0.0
12.647500000000003,1.531965e-06,0.0
12.657500000000002,1.517414e-06,0.0
12.667500000000002,1.522974e-06,0.0
12.677500000000002,1.556085e-06,0.0
12.687500000000002,1.570839e-06,0.0
12.697500000000002,1.584017e-06,0.0
12.707500000000001,1.579597e-06,0.0
12.717500000000001,1.57891e-06,0.0
12.727500000000001,1.541724e-06,0.0
12.737500000000002,1.48271e-06,0.0
12.747500000000002,1.449581e-06,0.0
12.757500000000002,1.407544e-06,0.0
12.767500000000002,1.367442e-06,0.0
12.775000000000002,1.337605e-06,0.0
12.785000000000002,1.321151e-06,0.0
12.795000000000002,1.301914e-06,0.0
12.805000000000001,1.289728e-06,0.0
12.815000000000001,1.289649e-06,0.0
12.825000000000001,1.283751e-06,0.0
12.835000000000003,1.274222e-06,0.0
12.845000000000002,1.27207e-06,0.0
12.855000000000002,1.27671e-06,0.0
12.865000000000002,1.256358e-06,0.0
12.875000000000002,1.261241e-06,0.0
12.885000000000002,1.249317e-06,0.0
12.895000000000001,1.243124e-06,0.0
12.905000000000001,1.22755e-06,0.0
12.915000000000003,1.220802e-06,0.0
12.927500000000002,1.230707e-06,0.0
12.937500000000002,1.215871e-06,0.0
12.947500000000002,1.206204e-06,0.0
12.955000000000002,1.202282e-06,0.0
12.967500000000001,1.188267e-06,0.0
12.975000000000001,1.189554e-06,0.0
12.985000000000001,1.183455e-06,0.0
12.995000000000001,1.180943e-06,0.0
13.005000000000003,1.184039e-06,0.0
13.015000000000002,1.179976e-06,0.0
13.025000000000002,1.165757e-06,0.0
13.035000000000002,1.159499e-06,0.0
13.045000000000002,1.16153e-06,0.0
13.055000000000001,1.164039e-06,0.0
13.065000000000001,1.16402e-06,0.0
13.075000000000001,1.155361e-06,0.0
13.085000000000003,1.158654e-06,0.0
13.095000000000002,1.146366e-06,0.0
13.107500000000002,1.148635e-06,0.0
13.117500000000001,1.1534e-06,0.0
13.127500000000001,1.149883e-06,0.0
13.137500000000001,1.151114e-06,0.0
13.147500000000003,1.134418e-06,0.0
13.157500000000002,1.13524e-06,0.0
13.167500000000002,1.140185e-06,0.0
13.177500000000002,1.136403e-06,0.0
13.187500000000002,1.140497e-06,0.0
13.197500000000002,1.141757e-06,0.0
13.207500000000001,1.136111e-06,0.0
13.217500000000001,1.131643e-06,0.0
13.227500000000003,1.123925e-06,0.0
13.237500000000002,1.125651e-06,0.0
13.247500000000002,1.124999e-06,0.0
13.257500000000002,1.134396e-06,0.0
13.267500000000002,1.125097e-06,0.0
13.277500000000002,1.123826e-06,0.0
13.287500000000001,1.12489e-06,0.0
13.297500000000001,1.121535e-06,0.0
13.307500000000003,1.12131e-06,0.0
13.317500000000003,1.108898e-06,0.0
13.327500000000002,1.122297e-06,0.0
13.337500000000002,1.12409e-06,0.0
13.347500000000002,1.114176e-06,0.0
13.357500000000002,1.116519e-06,0.0
13.367500000000001,1.112396e-06,0.0
13.377500000000001,1.123138e-06,0.0
13.387500000000001,1.109138e-06,0.0
13.397500000000003,1.111155e-06,0.0
13.407500000000002,1.108934e-06,0.0
13.417500000000002,1.119258e-06,0.0
13.427500000000002,1.105776e-06,0.0
13.437500000000002,1.101249e-06,0.0
13.447500000000002,1.105914e-06,0.0
13.457500000000001,1.106299e-06,0.0
13.467500000000001,1.096821e-06,0.0
13.477500000000003,1.097526e-06,0.0
13.487500000000002,1.093471e-06,0.0
13.497500000000002,1.099355e-06,0.0
13.507500000000002,1.097347e-06,0.0
13.517500000000002,1.096384e-06,0.0
13.527500000000002,1.098346e-06,0.0
13.537500000000001,1.097475e-06,0.0
13.547500000000001,1.097375e-06,0.0
13.557500000000003,1.097396e-06,0.0
13.567500000000003,1.094319e-06,0.0
13.577500000000002,1.089487e-06,0.0
13.587500000000002,1.098794e-06,0.0
13.597500000000002,1.100561e-06,0.0
13.607500000000002,1.098271e-06,0.0
13.617500000000001,1.100953e-06,0.0
13.627500000000001,1.111478e-06,0.0
13.637500000000001,1.106922e-06,0.0
13.647500000000003,1.104073e-06,0.0
13.657500000000002,1.113894e-06,0.0
13.667500000000002,1.110087e-06,0.0
13.677500000000002,1.117421e-06,0.0
13.687500000000002,1.10565e-06,0.0
13.697500000000002,1.10813e-06,0.0
13.707500000000001,1.117117e-06,0.0
13.717500000000001,1.11152e-06,0.0
13.727500000000003,1.112705e-06,0.0
13.737500000000002,1.123509e-06,0.0
13.747500000000002,1.135517e-06,0.0
13.757500000000002,1.14348e-06,0.0
13.767500000000002,1.141663e-06,0.0
13.777500000000002,1.145565e-06,0.0
13.787500000000001,1.146711e-06,0.0
13.797500000000001,1.126743e-06,0.0
13.807500000000003,1.133475e-06,0.0
13.817500000000003,1.129122e-06,0.0
13.827500000000002,1.124346e-06,0.0
13.837500000000002,1.12063e-06,0.0
13.847500000000002,1.120664e-06,0.0
13.857500000000002,1.133668e-06,0.0
13.867500000000001,1.145665e-06,0.0
13.877500000000001,1.148381e-06,0.0
13.887500000000003,1.168735e-06,0.0
13.897500000000003,1.167439e-06,0.0
13.907500000000002,1.166533e-06,0.0
13.917500000000002,1.177015e-06,0.0
13.927500000000002,1.163507e-06,0.0
13.937500000000002,1.154871e-06,0.0
13.947500000000002,1.147741e-06,0.0
13.957500000000001,1.135317e-06,0.0
13.967500000000001,1.145342e-06,0.0
13.977500000000003,1.142129e-06,0.0
13.987500000000002,1.146068e-06,0.0
13.997500000000002,1.158775e-06,0.0
14.007500000000002,1.188586e-06,0.0
14.017500000000002,1.19645e-06,0.0
14.027500000000002,1.196759e-06,0.0
14.037500000000001,1.189082e-06,0.0
14.047500000000001,1.184707e-06,0.0
14.057500000000003,1.178973e-06,0.0
14.067500000000003,1.17461e-06,0.0
14.077500000000002,1.17477e-06,0.0
14.087500000000002,1.163536e-06,0.0
14.097500000000002,1.151488e-06,0.0
14.107500000000002,1.160841e-06,0.0
14.117500000000001,1.180276e-06,0.0
14.127500000000001,1.195578e-06,0.0
14.137500000000003,1.217613e-06,0.0
14.147500000000003,1.213383e-06,0.0
14.157500000000002,1.210776e-06,0.0
14.167500000000002,1.186453e-06,0.0
14.177500000000002,1.178572e-06,0.0
14.187500000000002,1.170116e-06,0.0
14.197500000000002,1.161773e-06,0.0
14.207500000000001,1.153182e-06,0.0
14.217500000000001,1.160657e-06,0.0
14.227500000000003,1.1599e-06,0.0
14.237500000000002,1.167806e-06,0.0
14.247500000000002,1.191859e-06,0.0
14.257500000000002,1.192274e-06,0.0
14.267500000000002,1.203494e-06,0.0
14.277500000000002,1.199793e-06,0.0
14.287500000000001,1.184068e-06,0.0
14.297500000000001,1.176922e-06,0.0
14.307500000000003,1.183863e-06,0.0
14.317500000000003,1.196685e-06,0.0
14.327500000000002,1.222691e-06,0.0
14.337500000000002,1.299717e-06,0.0
14.347500000000002,1.458849e-06,0.0
14.357500000000002,1.693016e-06,0.0
14.367500000000001,1.771121e-06,0.0
14.377500000000001,1.542198e-06,0.0
14.387500000000003,1.341567e-06,0.0
14.397500000000003,1.251367e-06,0.0
14.407500000000002,1.191385e-06,0.0
14.417500000000002,1.194494e-06,0.0
14.427500000000002,1.201264e-06,0.0
14.437500000000002,1.21465e-06,0.0
14.447500000000002,1.201127e-06,0.0
14.457500000000001,1.194458e-06,0.0
14.467500000000003,1.192966e-06,0.0
14.475000000000001,1.180529e-06,0.0
14.485000000000001,1.178728e-06,0.0
14.495000000000003,1.177834e-06,0.0
14.505000000000003,1.179454e-06,0.0
14.515000000000002,1.202386e-06,0.0
14.525000000000002,1.247019e-06,0.0
14.535000000000002,1.277521e-06,0.0
14.545000000000002,1.280545e-06,0.0
14.555000000000001,1.263122e-06,0.0
14.565000000000001,1.2575e-06,0.0
14.575000000000003,1.239461e-06,0.0
14.585000000000003,1.231888e-06,0.0
14.595000000000002,1.219386e-06,0.0
14.605000000000002,1.19676e-06,0.0
14.617500000000001,1.239523e-06,0.0
14.625000000000002,1.276526e-06,0.0
14.637500000000003,1.297722e-06,0.0
14.647500000000003,1.295669e-06,0.0
14.655000000000003,1.294244e-06,0.0
14.667500000000002,1.298712e-06,0.0
14.677500000000002,1.285139e-06,0.0
14.687500000000002,1.292208e-06,0.0
14.697500000000002,1.300564e-06,0.0
14.705000000000002,1.32924e-06,0.0
14.717500000000003,1.388653e-06,0.0
14.727500000000003,1.411678e-06,0.0
14.737500000000002,1.41494e-06,0.0
14.747500000000002,1.397181e-06,0.0
14.757500000000002,1.379841e-06,0.0
14.767500000000002,1.389672e-06,0.0
14.777500000000002,1.395996e-06,0.0
14.787500000000001,1.412587e-06,0.0
14.797500000000003,1.431996e-06,0.0
14.807500000000003,1.430408e-06,0.0
14.815000000000001,1.413627e-06,0.0
14.827500000000002,1.40988e-06,0.0
14.837500000000002,1.406487e-06,0.0
14.847500000000002,1.408856e-06,0.0
14.857500000000002,1.422809e-06,0.0
14.867500000000001,1.446685e-06,0.0
14.877500000000001,1.447595e-06,0.0
14.887500000000003,1.43301e-06,0.0
14.897500000000003,1.423317e-06,0.0
14.907500000000002,1.453194e-06,0.0
14.917500000000002,1.466408e-06,0.0
14.927500000000002,1.488269e-06,0.0
14.937500000000002,1.536093e-06,0.0
14.947500000000002,1.559133e-06,0.0
14.957500000000001,1.57477e-06,0.0
14.965000000000002,1.572154e-06,0.0
14.977500000000003,1.540127e-06,0.0
14.987500000000002,1.489905e-06,0.0
14.995000000000003,1.43642e-06,0.0
